source	relation	target	status	note
ANOMALY_G2_COMMON_QUOTIENT	IMPORTS	MATH_MONOMIAL_QUOTIENT	conditional	g-2 common layer uses the same quotient coordinates.
ANOMALY_G2_COMMON_QUOTIENT	IMPORTS	MATH_XI1_PREF_SLOPE	conditional	g-2 residual can be expressed as transfer-shape / outgoing-prefactor slope.
ATLAS_RULE_PHYS_TO_MATH	APPLIES_TO	PHYS_BRANE_BULK_THROAT_DEFECT	active	Start with physical defect, then map to Sigma/R, wall action, response readouts.
ATLAS_RULE_PHYS_TO_MATH	GOVERNS	VIEW_CLAIM_LAYER	active	Every claim node must link physical meaning, math representation, proof status, and file anchor.
ATOM_HYDROGEN_ZERO_MODE	IMPORTS	MATH_QSTAR_QEFF	reduced	Hydrogenic charge scale uses corrected thickness-controlled q_eff.
ATOM_HYDROGEN_ZERO_MODE	IMPORTS	MATH_ZERO_MODE_MAXWELL	reduced	Hydrogenic reduction uses controlled zero-mode Maxwell/Coulomb sector.
CLAIM_1PN_EIH_WITHIN_HIERARCHY	LOWER_ORDER_ANCHOR_FOR	CLAIM_2PN_ADM_WITHIN_HIERARCHY	active	Claim-level dependency added in v0.4.
CLAIM_1PN_EIH_WITHIN_HIERARCHY	FEEDS_OR_STATUS_OF	PN_1_EIH_FULL	exact_assembly_within_closure	Claim feeds this downstream object, output, or open gate.
CLAIM_25PN_QUAD_NARROWING	NARROWS_CONSERVATIVE_PAYLOAD_FOR	CLAIM_3PN_GROUPED_P2_WITHIN_HIERARCHY	active	Claim-level dependency added in v0.4.
CLAIM_25PN_QUAD_NARROWING	SUPPLIES_TAIL_GATE_FOR	CLAIM_4PN_LOCAL_CLOSED_TAIL_CONDITIONAL	active	Claim-level dependency added in v0.4.
CLAIM_25PN_QUAD_NARROWING	FEEDS_OR_STATUS_OF	OPEN_QUAD_NORMALIZATION	conditional_theorem_open_normalization	Claim feeds this downstream object, output, or open gate.
CLAIM_25PN_QUAD_NARROWING	FEEDS_OR_STATUS_OF	PN_2_5_QUAD_NARROWING	conditional_theorem_open_normalization	Claim feeds this downstream object, output, or open gate.
CLAIM_2PN_ADM_WITHIN_HIERARCHY	STRUCTURAL_INPUT_TO	CLAIM_25PN_QUAD_NARROWING	active	Claim-level dependency added in v0.4.
CLAIM_2PN_ADM_WITHIN_HIERARCHY	FEEDS_OR_STATUS_OF	PHYS_GROUPED_P2_SHAPE_RESPONSE	exact_assembly_within_closure	Claim feeds this downstream object, output, or open gate.
CLAIM_2PN_ADM_WITHIN_HIERARCHY	FEEDS_OR_STATUS_OF	PN_2_ADM_FULL	exact_assembly_within_closure	Claim feeds this downstream object, output, or open gate.
CLAIM_3PN_GROUPED_P2_WITHIN_HIERARCHY	FEEDS_OR_STATUS_OF	MATH_GROUPED_PROJECTORS_GGRP	exact_assembly_within_closure	Claim feeds this downstream object, output, or open gate.
CLAIM_3PN_GROUPED_P2_WITHIN_HIERARCHY	FEEDS_OR_STATUS_OF	PN_3_GROUPED_P2_FULL	exact_assembly_within_closure	Claim feeds this downstream object, output, or open gate.
CLAIM_4PN_LOCAL_CLOSED_TAIL_CONDITIONAL	FEEDS_OR_STATUS_OF	OPEN_QUAD_NORMALIZATION	local_closed_tail_conditional	Claim feeds this downstream object, output, or open gate.
CLAIM_4PN_LOCAL_CLOSED_TAIL_CONDITIONAL	FEEDS_OR_STATUS_OF	PN_4_LOCAL_TAIL	local_closed_tail_conditional	Claim feeds this downstream object, output, or open gate.
CLAIM_5PN_FULL_BUNDLE_SURFACE	SUPPLIES_XI1_LANGUAGE_FOR	CLAIM_G2_COMMON_QUOTIENT	active	Claim-level dependency added in v0.4.
CLAIM_5PN_FULL_BUNDLE_SURFACE	REFINES	CLAIM_STAGE023_FULL_BUNDLE_RATIO	active	Claim-level dependency added in v0.4.
CLAIM_5PN_FULL_BUNDLE_SURFACE	FEEDS_OR_STATUS_OF	OPEN_N2_N4_MOMENT_SHAPE	exact_within_reduced_bundle_open_branch	Claim feeds this downstream object, output, or open gate.
CLAIM_5PN_FULL_BUNDLE_SURFACE	FEEDS_OR_STATUS_OF	OPEN_WEAK_AXISYM_ORBIT_LOCK	exact_within_reduced_bundle_open_branch	Claim feeds this downstream object, output, or open gate.
CLAIM_5PN_FULL_BUNDLE_SURFACE	FEEDS_OR_STATUS_OF	PN_5_FULL_BUNDLE_SURFACE	exact_within_reduced_bundle_open_branch	Claim feeds this downstream object, output, or open gate.
CLAIM_ATOMIC_HYDROGEN_ZERO_MODE	FEEDS_OR_STATUS_OF	ATOM_FINITE_SIZE_P22	reduced_sector_consequence	Claim feeds this downstream object, output, or open gate.
CLAIM_ATOMIC_HYDROGEN_ZERO_MODE	FEEDS_OR_STATUS_OF	ATOM_HYDROGEN_ZERO_MODE	reduced_sector_consequence	Claim feeds this downstream object, output, or open gate.
CLAIM_BRANCH_EXPORTER_REQUIRED	FEEDS_OR_STATUS_OF	OPEN_ACTUAL_BRANCH_EXPORTER	open_actual_branch	Claim feeds this downstream object, output, or open gate.
CLAIM_BRANCH_EXPORTER_REQUIRED	FEEDS_OR_STATUS_OF	OPEN_EXECUTABLE_BRANCH_SOLVER	open_actual_branch	Claim feeds this downstream object, output, or open gate.
CLAIM_BRANCH_EXPORTER_REQUIRED	FEEDS_OR_STATUS_OF	TARGET_PACKET_A	open_actual_branch	Claim feeds this downstream object, output, or open gate.
CLAIM_BRANCH_EXPORTER_REQUIRED	FEEDS_OR_STATUS_OF	TARGET_PACKET_B	open_actual_branch	Claim feeds this downstream object, output, or open gate.
CLAIM_CHARGE_ONTOLOGY_FIREWALL	FEEDS_OR_STATUS_OF	ATOM_HYDROGEN_ZERO_MODE	exact_bookkeeping_firewall	Claim feeds this downstream object, output, or open gate.
CLAIM_CHARGE_ONTOLOGY_FIREWALL	CONSTRAINS_NOTATION_FOR	CLAIM_ZERO_MODE_MAXWELL_REDUCTION	active	Claim-level dependency added in v0.4.
CLAIM_CHARGE_ONTOLOGY_FIREWALL	FEEDS_OR_STATUS_OF	LEPTON_MIXED_BERRY_ROTOR	exact_bookkeeping_firewall	Claim feeds this downstream object, output, or open gate.
CLAIM_CHARGE_ONTOLOGY_FIREWALL	FEEDS_OR_STATUS_OF	MATH_QSTAR_QEFF	exact_bookkeeping_firewall	Claim feeds this downstream object, output, or open gate.
CLAIM_G2_COMMON_QUOTIENT	FEEDS_OR_STATUS_OF	ANOMALY_G2_COMMON_QUOTIENT	conditional_reduced_residual	Claim feeds this downstream object, output, or open gate.
CLAIM_G2_COMMON_QUOTIENT	USES_PACKET_B	CLAIM_PACKET_A_PACKET_B_SPLIT	active	Claim-level dependency added in v0.4.
CLAIM_G2_COMMON_QUOTIENT	FEEDS_OR_STATUS_OF	OPEN_WEAK_AXISYM_ORBIT_LOCK	conditional_reduced_residual	Claim feeds this downstream object, output, or open gate.
CLAIM_LEPTON_HALF_INTEGER_CONDITIONAL	DEPENDS_ON	CLAIM_MIXED_SECTOR_MICROSCOPIC	active	Claim-level dependency added in v0.4.
CLAIM_LEPTON_HALF_INTEGER_CONDITIONAL	FEEDS_OR_STATUS_OF	LEPTON_HALF_INTEGER_CONDITIONAL	conditional_open	Claim feeds this downstream object, output, or open gate.
CLAIM_LEPTON_HALF_INTEGER_CONDITIONAL	FEEDS_OR_STATUS_OF	OPEN_LEPTON_SPIN_DISCRETIZER	conditional_open	Claim feeds this downstream object, output, or open gate.
CLAIM_LEPTON_MASS_REDUCED_LEDGER	PHYSICAL_THROAT_CONTEXT_FOR	CLAIM_STAGE1_GEOMETRY_LIFT	active	Claim-level dependency added in v0.4.
CLAIM_LEPTON_MASS_REDUCED_LEDGER	FEEDS_OR_STATUS_OF	LEPTON_MASS_REDUCED_LEDGER	reduced_closure_theorem_open_scale	Claim feeds this downstream object, output, or open gate.
CLAIM_MATERIAL_CLOSURE_GAP	BLOCKS_FULL_BRANCH_REALIZATION_IF_UNSOLVED	CLAIM_BRANCH_EXPORTER_REQUIRED	active	Claim-level dependency added in v0.4.
CLAIM_MATERIAL_CLOSURE_GAP	FEEDS_OR_STATUS_OF	MT_V2_29_MATERIAL_GAP	open	Claim feeds this downstream object, output, or open gate.
CLAIM_MATERIAL_CLOSURE_GAP	FEEDS_OR_STATUS_OF	OPEN_MATERIAL_CLOSURE	open	Claim feeds this downstream object, output, or open gate.
CLAIM_MAXWELL_GAUGE_LOCALIZATION_PATCH	FEEDS_OR_STATUS_OF	MATH_MAXWELL_WEIGHTED_GAUGE_FIXING	safe_interpretation_or_structural_patch	Claim feeds this downstream object, output, or open gate.
CLAIM_MAXWELL_GAUGE_LOCALIZATION_PATCH	FEEDS_OR_STATUS_OF	MT_V2_02_MAXWELL_GAUGE_AUDIT	safe_interpretation_or_structural_patch	Claim feeds this downstream object, output, or open gate.
CLAIM_MIXED_RECIRCULATION_OPEN	REFINES_OPEN_EM_REQUIREMENT	CLAIM_MIXED_SECTOR_MICROSCOPIC	active	Claim-level dependency added in v0.4.
CLAIM_MIXED_RECIRCULATION_OPEN	FEEDS_OR_STATUS_OF	OPEN_MIXED_RECIRCULATION	open	Claim feeds this downstream object, output, or open gate.
CLAIM_FLUXOID_SINGLE_VALUED_PSI_QUANTIZATION	SUPPORTS	MATH_FLUXOID	exact_identity_audit	Circulation package derives integer phase winding from single-valued psi and supports the fluxoid/circulation law.
CLAIM_FLUXOID_SINGLE_VALUED_PSI_QUANTIZATION	REINFORCES_FIREWALL	FIREWALL_CHARGE_NOT_CIRCULATION	exact_identity_audit	Audit keeps eta_Q/q_* bookkeeping separate from the circulation integer.
CLAIM_NO_UNIVERSAL_FORCE_FROM_FLUXOID	LIMITS_SCOPE_OF	MATH_FLUXOID	exact_negative_within_3d_closure_analysis	Fluxoid holonomy alone is not a 3D radial-force law.
CLAIM_NO_UNIVERSAL_FORCE_FROM_FLUXOID	PRESERVES_OPEN_GATE	CLAIM_MIXED_RECIRCULATION_OPEN	exact_negative_within_3d_closure_analysis	Current/plumbing coefficients and mixed-sector transport remain external closure data.
DERIVATION_COAXIAL_NEUMANN_CURRENT_LOOP	SUPPLIES_CLOSURE_EXAMPLE	CLAIM_NO_UNIVERSAL_FORCE_FROM_FLUXOID	exact_within_fixed_current_far_field_closure	Fixed-current loop law is a named closure, not a consequence of fluxoid alone.
DERIVATION_COAXIAL_NEUMANN_CURRENT_LOOP	SUPPLIES_FIXED_CURRENT_FORCE	CLAIM_FACING_MOUTH_SWIRL_CONDITIONAL	exact_within_fixed_current_far_field_closure	Facing-mouth sign table imports the fixed-current coaxial force sign.
DERIVATION_VECTOR_DIPOLE_ORIENTATION_CROSSCHECK	RECOVERS_COAXIAL_LIMIT	DERIVATION_COAXIAL_NEUMANN_CURRENT_LOOP	exact_dipole_far_field_crosscheck	Vector dipole audit recovers the Step-03 leading coaxial force.
DERIVATION_VECTOR_DIPOLE_ORIENTATION_CROSSCHECK	SUPPLIES_ORIENTATION_LAW	CLAIM_FACING_MOUTH_SWIRL_CONDITIONAL	exact_dipole_far_field_crosscheck	3D vector dipole orientation law supplies the geometric sign rule.
CLAIM_FACING_MOUTH_SWIRL_CONDITIONAL	MAPS_LOCAL_LABEL_TO_GLOBAL_AXIS	PHYS_MAGNETIC_VORTICAL_CIRCULATION	exact_within_fixed_current_orientation_closure	Oriented loop area maps local swirl labels to the global current/dipole axis.
CLAIM_FACING_MOUTH_SWIRL_CONDITIONAL	RESPECTS_SCOPE_LIMIT	CLAIM_NO_UNIVERSAL_FORCE_FROM_FLUXOID	exact_within_fixed_current_orientation_closure	Facing-mouth attraction statement remains closure-conditional and does not override the no-universal-force result.
CLAIM_MIXED_CIRCULATION_PLUMBING_CONDITIONAL	IMPORTS_SIGN_TABLE_CONDITIONALLY	CLAIM_FACING_MOUTH_SWIRL_CONDITIONAL	conditional_open_plumbing	Mixed-sector statement imports the facing-mouth sign rule only after a current-like plumbing map is assumed.
CLAIM_MIXED_CIRCULATION_PLUMBING_CONDITIONAL	PRESERVES_OPEN_GATE	CLAIM_MIXED_RECIRCULATION_OPEN	conditional_open_plumbing	Lambda_A sign remains an open plumbing-law datum.
CLAIM_MIXED_CIRCULATION_PLUMBING_CONDITIONAL	FEEDS_OR_STATUS_OF	OPEN_MIXED_RECIRCULATION	conditional_open_plumbing	Circulation package refines the open gate to include Lambda_A sign and N0 magnitude status.
CLAIM_MIXED_CIRCULATION_PLUMBING_CONDITIONAL	DEPENDS_ON	PHYS_MIXED_EM_CORE	conditional_open_plumbing	Plumbing condition lives in the mixed brane-bulk EM channels.
CLAIM_MIXED_CIRCULATION_PLUMBING_CONDITIONAL	IMPORTS	MATH_FLUXOID	conditional_open_plumbing	Effective current map starts from the fluxoid/circulation integer but does not derive from it alone.
CLAIM_MIXED_SECTOR_MICROSCOPIC	ENABLES	CLAIM_PROJECTED_EM_OUTGOING_BRIDGE	active	Claim-level dependency added in v0.4.
CLAIM_MIXED_SECTOR_MICROSCOPIC	FEEDS_OR_STATUS_OF	MATH_MAXWELL_MIXED_KERNEL	exact_gauge_invariant_with_reduced_uses	Claim feeds this downstream object, output, or open gate.
CLAIM_MIXED_SECTOR_MICROSCOPIC	FEEDS_OR_STATUS_OF	MATH_MIXED_FIELDS_EW_CA	exact_gauge_invariant_with_reduced_uses	Claim feeds this downstream object, output, or open gate.
CLAIM_MIXED_SECTOR_MICROSCOPIC	FEEDS_OR_STATUS_OF	MT_STAGE004_020_PROJECTED_MAXWELL	exact_gauge_invariant_with_reduced_uses	Claim feeds this downstream object, output, or open gate.
CLAIM_PACKET_A_PACKET_B_SPLIT	REQUIRES	CLAIM_BRANCH_EXPORTER_REQUIRED	active	Claim-level dependency added in v0.4.
CLAIM_PACKET_A_PACKET_B_SPLIT	FEEDS_OR_STATUS_OF	OPEN_WEAK_AXISYM_ORBIT_LOCK	open_branch_packets	Claim feeds this downstream object, output, or open gate.
CLAIM_PACKET_A_PACKET_B_SPLIT	FEEDS_OR_STATUS_OF	TARGET_PACKET_A	open_branch_packets	Claim feeds this downstream object, output, or open gate.
CLAIM_PACKET_A_PACKET_B_SPLIT	FEEDS_OR_STATUS_OF	TARGET_PACKET_B	open_branch_packets	Claim feeds this downstream object, output, or open gate.
CLAIM_PARENT_ACTION_CURRENT_EXACT	SUPPLIES_PARENT_FOR	CLAIM_PROJECTION_OPEN_BRANE_SYSTEM	active	Claim-level dependency added in v0.4.
CLAIM_PARENT_ACTION_CURRENT_EXACT	SUPPLIES_PARENT_CONTEXT_FOR	CLAIM_STAGE1_GEOMETRY_LIFT	active	Claim-level dependency added in v0.4.
CLAIM_PARENT_ACTION_CURRENT_EXACT	SUPPLIES_PARENT_FOR	CLAIM_ZERO_MODE_MAXWELL_REDUCTION	active	Claim-level dependency added in v0.4.
CLAIM_PARENT_ACTION_CURRENT_EXACT	FEEDS_OR_STATUS_OF	MATH_GNLS_PSI	exact_parent_current	Claim feeds this downstream object, output, or open gate.
CLAIM_PARENT_ACTION_CURRENT_EXACT	FEEDS_OR_STATUS_OF	MATH_LOCALIZED_MAXWELL_AM	exact_parent_current	Claim feeds this downstream object, output, or open gate.
CLAIM_PARENT_ACTION_CURRENT_EXACT	FEEDS_OR_STATUS_OF	MATH_PARENT_ACTION_CURRENT	exact_parent_current	Claim feeds this downstream object, output, or open gate.
CLAIM_PARENT_WALL_STATUS_SPLIT	OPENS_REQUIRED_WORK	CLAIM_BRANCH_EXPORTER_REQUIRED	active	Claim-level dependency added in v0.4.
CLAIM_PARENT_WALL_STATUS_SPLIT	STATUS_LIMITS	CLAIM_STAGE1_GEOMETRY_LIFT	active	Claim-level dependency added in v0.4.
CLAIM_PARENT_WALL_STATUS_SPLIT	FEEDS_OR_STATUS_OF	MATH_PARENT_ACTION_PROMOTED	strict_parent_fail_effective_wall_pass	Claim feeds this downstream object, output, or open gate.
CLAIM_PARENT_WALL_STATUS_SPLIT	FEEDS_OR_STATUS_OF	MT_V2_01_PARENT_WALL_AUDIT	strict_parent_fail_effective_wall_pass	Claim feeds this downstream object, output, or open gate.
CLAIM_PARENT_WALL_STATUS_SPLIT	FEEDS_OR_STATUS_OF	OPEN_PARENT_PROMOTION_S_SIGMA	strict_parent_fail_effective_wall_pass	Claim feeds this downstream object, output, or open gate.
CLAIM_PROJECTION_OPEN_BRANE_SYSTEM	BACKBONE_FOR	CLAIM_1PN_EIH_WITHIN_HIERARCHY	active	Claim-level dependency added in v0.4.
CLAIM_PROJECTION_OPEN_BRANE_SYSTEM	FEEDS_OR_STATUS_OF	MATH_LONGITUDINAL_IDENTITY	exact_projection_plus_controlled_hook	Claim feeds this downstream object, output, or open gate.
CLAIM_PROJECTION_OPEN_BRANE_SYSTEM	FEEDS_OR_STATUS_OF	MATH_POISSON_HOOK	exact_projection_plus_controlled_hook	Claim feeds this downstream object, output, or open gate.
CLAIM_PROJECTION_OPEN_BRANE_SYSTEM	FEEDS_OR_STATUS_OF	MATH_PROJECTED_CONTINUITY	exact_projection_plus_controlled_hook	Claim feeds this downstream object, output, or open gate.
CLAIM_PROJECTION_OPEN_BRANE_SYSTEM	FEEDS_OR_STATUS_OF	PN_0_NEWTONIAN_HOOK	exact_projection_plus_controlled_hook	Claim feeds this downstream object, output, or open gate.
CLAIM_RESPONSE_READOUT_DISCIPLINE	ORGANIZES	CLAIM_PACKET_A_PACKET_B_SPLIT	active	Claim-level dependency added in v0.4.
CLAIM_RESPONSE_READOUT_DISCIPLINE	FEEDS_OR_STATUS_OF	READOUT_D0_C_P0_N2_N4	paper_facing_ontology_discipline	Claim feeds this downstream object, output, or open gate.
CLAIM_RESPONSE_READOUT_DISCIPLINE	FEEDS_OR_STATUS_OF	TARGET_PACKET_A	paper_facing_ontology_discipline	Claim feeds this downstream object, output, or open gate.
CLAIM_STAGE1_GEOMETRY_LIFT	LIFTS_THEN_REDUCES_TO	CLAIM_STAGE2_AL_RECOVERY	active	Claim-level dependency added in v0.4.
CLAIM_STAGE1_GEOMETRY_LIFT	FEEDS_OR_STATUS_OF	MATH_SIGMA_R_FIELD	effective_geometry_lift	Claim feeds this downstream object, output, or open gate.
CLAIM_STAGE1_GEOMETRY_LIFT	FEEDS_OR_STATUS_OF	MT_STAGE1_GEOMETRY_LIFT	effective_geometry_lift	Claim feeds this downstream object, output, or open gate.
CLAIM_STAGE2_AL_RECOVERY	PREPARES	CLAIM_STAGE3_BDG_SCHUR	active	Claim-level dependency added in v0.4.
CLAIM_STAGE2_AL_RECOVERY	FEEDS_OR_STATUS_OF	MATH_WALL_ACTION_S_ETA	exact_within_wall_action	Claim feeds this downstream object, output, or open gate.
CLAIM_STAGE2_AL_RECOVERY	FEEDS_OR_STATUS_OF	MT_STAGE2_BREATHING_REDUCTION	exact_within_wall_action	Claim feeds this downstream object, output, or open gate.
CLAIM_STAGE3_BDG_SCHUR	PREPARES	CLAIM_PROJECTED_EM_OUTGOING_BRIDGE	active	Claim-level dependency added in v0.4.
CLAIM_STAGE3_BDG_SCHUR	FEEDS_OR_STATUS_OF	MATH_BDG_SCHUR_COMPLEMENT	exact_within_reduced_stable_modes	Claim feeds this downstream object, output, or open gate.
CLAIM_STAGE3_BDG_SCHUR	FEEDS_OR_STATUS_OF	MT_STAGE3_BDG_COUPLING	exact_within_reduced_stable_modes	Claim feeds this downstream object, output, or open gate.
CLAIM_PROJECTED_EM_OUTGOING_BRIDGE	FEEDS	CLAIM_STAGE022_P0_TARGET	active	Claim-level dependency added in v0.4.
CLAIM_PROJECTED_EM_OUTGOING_BRIDGE	FEEDS_OR_STATUS_OF	MATH_COMPACT_L2_OUTGOING_FINGERPRINT	exact_within_reduced_mixed_kernel	Claim feeds this downstream object, output, or open gate.
CLAIM_PROJECTED_EM_OUTGOING_BRIDGE	FEEDS_OR_STATUS_OF	MATH_MAXWELL_MIXED_KERNEL	exact_within_reduced_mixed_kernel	Claim feeds this downstream object, output, or open gate.
CLAIM_PROJECTED_EM_OUTGOING_BRIDGE	FEEDS_OR_STATUS_OF	MT_STAGE004_020_PROJECTED_MAXWELL	exact_within_reduced_mixed_kernel	Claim feeds this downstream object, output, or open gate.
CLAIM_PROJECTED_EM_OUTGOING_BRIDGE	FEEDS_OR_STATUS_OF	MT_STAGE021_REDUCED_ONE_PORT	retained_reduced_adapter	Retained reduced one-port adapter closes the projection-first EM packet for downstream grouped normalization.
CLAIM_STAGE022_P0_TARGET	GENERALIZES_TO	CLAIM_STAGE023_FULL_BUNDLE_RATIO	active	Claim-level dependency added in v0.4.
CLAIM_STAGE022_P0_TARGET	FEEDS_OR_STATUS_OF	MT_STAGE022_GROUPED_P2_BRIDGE	exact_within_grouped_bridge	Claim feeds this downstream object, output, or open gate.
CLAIM_STAGE022_P0_TARGET	FEEDS_OR_STATUS_OF	OPEN_QUAD_NORMALIZATION	exact_within_grouped_bridge	Claim feeds this downstream object, output, or open gate.
CLAIM_STAGE022_P0_TARGET	FEEDS_OR_STATUS_OF	READOUT_D0_C_P0_N2_N4	exact_within_grouped_bridge	Claim feeds this downstream object, output, or open gate.
CLAIM_STAGE023_FULL_BUNDLE_RATIO	DEFINES_PACKET_A	CLAIM_PACKET_A_PACKET_B_SPLIT	active	Claim-level dependency added in v0.4.
CLAIM_STAGE023_FULL_BUNDLE_RATIO	ANGULARLY_REFINED_BY	CLAIM_STAGE024_O3_ISOTROPY	active	Claim-level dependency added in v0.4.
CLAIM_STAGE023_FULL_BUNDLE_RATIO	FEEDS_OR_STATUS_OF	MATH_FULL_BUNDLE_TARGET_SURFACE	exact_within_reduced_bundle	Claim feeds this downstream object, output, or open gate.
CLAIM_STAGE023_FULL_BUNDLE_RATIO	FEEDS_OR_STATUS_OF	MT_STAGE023_FULL_GROUPED_BUNDLE	exact_within_reduced_bundle	Claim feeds this downstream object, output, or open gate.
CLAIM_STAGE023_FULL_BUNDLE_RATIO	FEEDS_OR_STATUS_OF	TARGET_PACKET_A	exact_within_reduced_bundle	Claim feeds this downstream object, output, or open gate.
CLAIM_STAGE024_O3_ISOTROPY	RADIAL_AXIAL_CONTINUATION_FOR	CLAIM_STAGE025_031_SELECTED_BRANCH	active	Claim-level dependency added in v0.4.
CLAIM_STAGE024_O3_ISOTROPY	FEEDS_OR_STATUS_OF	MATH_STF_SOURCE_MAP	exact_angular_reduced	Claim feeds this downstream object, output, or open gate.
CLAIM_STAGE024_O3_ISOTROPY	FEEDS_OR_STATUS_OF	MATH_WEAK_AXISYM_SPLITTING	exact_angular_reduced	Claim feeds this downstream object, output, or open gate.
CLAIM_STAGE024_O3_ISOTROPY	FEEDS_OR_STATUS_OF	MT_STAGE024_OVERLAP_ISOTROPY	exact_angular_reduced	Claim feeds this downstream object, output, or open gate.
CLAIM_STAGE024_O3_ISOTROPY	FEEDS_OR_STATUS_OF	OPEN_WEAK_AXISYM_ORBIT_LOCK	exact_angular_reduced	Claim feeds this downstream object, output, or open gate.
CLAIM_STAGE025_031_SELECTED_BRANCH	FEEDS_OR_STATUS_OF	MT_STAGE025_MINIMAL_NORMALIZATION	exact_within_selected_reduced_branch	Claim feeds this downstream object, output, or open gate.
CLAIM_STAGE025_031_SELECTED_BRANCH	FEEDS_OR_STATUS_OF	OPEN_SOURCE_PORT_NORMALIZATION	exact_within_selected_reduced_branch	Claim feeds this downstream object, output, or open gate.
CLAIM_ZERO_MODE_MAXWELL_REDUCTION	FEEDS_OR_STATUS_OF	ATOM_HYDROGEN_ZERO_MODE	controlled_reduction	Claim feeds this downstream object, output, or open gate.
CLAIM_ZERO_MODE_MAXWELL_REDUCTION	SUPPORTS_REDUCED_SECTOR	CLAIM_ATOMIC_HYDROGEN_ZERO_MODE	active	Claim-level dependency added in v0.4.
CLAIM_ZERO_MODE_MAXWELL_REDUCTION	FEEDS_OR_STATUS_OF	MATH_ZERO_MODE_MAXWELL	controlled_reduction	Claim feeds this downstream object, output, or open gate.
CLAIM_ZERO_MODE_MAXWELL_REDUCTION	FEEDS_OR_STATUS_OF	MATH_Z_PROFILE	controlled_reduction	Claim feeds this downstream object, output, or open gate.
EQ_1PN_EIH_EQUALITY	SUPPORTS_CLAIM	CLAIM_1PN_EIH_WITHIN_HIERARCHY	exact_assembly_within_closure	Equation anchor supports this named claim.
EQ_1PN_EIH_EQUALITY	FEEDS	EQ_2PN_ADM_EQUALITY	derivation	2PN imports the 1PN conservative ledger.
EQ_1PN_EIH_EQUALITY	ANCHORS	PN_1_EIH_FULL	equation_anchor	Equation anchor belongs to or formalizes this graph node.
EQ_2PN_ADM_EQUALITY	SUPPORTS_CLAIM	CLAIM_2PN_ADM_WITHIN_HIERARCHY	exact_assembly_within_closure	Equation anchor supports this named claim.
EQ_2PN_ADM_EQUALITY	EXPOSES_SUPPORT_STRUCTURE_FOR	EQ_P0_TARGET	derivation	2PN P0/P2 support structure supplies quadrupole representation content.
EQ_2PN_ADM_EQUALITY	ANCHORS	PN_2_ADM_FULL	equation_anchor	Equation anchor belongs to or formalizes this graph node.
EQ_3PN_SPLIT	SUPPORTS_CLAIM	CLAIM_3PN_GROUPED_P2_WITHIN_HIERARCHY	exact_assembly_within_closure	Equation anchor supports this named claim.
EQ_3PN_SPLIT	ANCHORS	PN_3_GROUPED_P2_FULL	equation_anchor	Equation anchor belongs to or formalizes this graph node.
EQ_4PN_TAIL_BRIDGE	SUPPORTS_CLAIM	CLAIM_4PN_LOCAL_CLOSED_TAIL_CONDITIONAL	local_closed_tail_conditional	Equation anchor supports this named claim.
EQ_4PN_TAIL_BRIDGE	ANCHORS	PN_4_LOCAL_TAIL	equation_anchor	Equation anchor belongs to or formalizes this graph node.
EQ_BDG_SCHUR_KERNEL	SUPPORTS_CLAIM	CLAIM_STAGE3_BDG_SCHUR	exact_within_reduced_stable_modes	Equation anchor supports this named claim.
EQ_BDG_SCHUR_KERNEL	FEEDS	EQ_GROUPED_RESPONSE_MOMENTS	reduced	BdG-dressed operator moments enter normalized response.
EQ_BDG_SCHUR_KERNEL	ANCHORS	MATH_BDG_SCHUR_COMPLEMENT	equation_anchor	Equation anchor belongs to or formalizes this graph node.
EQ_BULK_CONTINUITY	SUPPORTS_CLAIM	CLAIM_PARENT_ACTION_CURRENT_EXACT	exact_parent_current	Equation anchor supports this named claim.
EQ_BULK_CONTINUITY	PROJECTS_TO	EQ_PROJECTED_CONTINUITY	exact	Projection with W(w) gives the open brane identity.
EQ_BULK_CONTINUITY	ANCHORS	MATH_PROJECTED_CONTINUITY	equation_anchor	Equation anchor belongs to or formalizes this graph node.
EQ_COMPACT_L2_FINGERPRINT	SUPPORTS_CLAIM	CLAIM_25PN_QUAD_NARROWING	conditional_theorem_open_normalization	Equation anchor supports this named claim.
EQ_COMPACT_L2_FINGERPRINT	SUPPORTS_CLAIM	CLAIM_PROJECTED_EM_OUTGOING_BRIDGE	exact_within_reduced_mixed_kernel	Equation anchor supports this named claim.
EQ_COMPACT_L2_FINGERPRINT	FEEDS	EQ_P0_TARGET	conditional	The iω^5 coefficient sets the universal quadrupole target.
EQ_COMPACT_L2_FINGERPRINT	ANCHORS	MATH_COMPACT_L2_OUTGOING_FINGERPRINT	equation_anchor	Equation anchor belongs to or formalizes this graph node.
EQ_FULL_BUNDLE_TARGET_SURFACE	SUPPORTS_CLAIM	CLAIM_5PN_FULL_BUNDLE_SURFACE	exact_within_reduced_bundle_open_branch	Equation anchor supports this named claim.
EQ_FULL_BUNDLE_TARGET_SURFACE	SUPPORTS_CLAIM	CLAIM_BRANCH_EXPORTER_REQUIRED	open_actual_branch	Equation anchor supports this named claim.
EQ_FULL_BUNDLE_TARGET_SURFACE	SUPPORTS_CLAIM	CLAIM_PACKET_A_PACKET_B_SPLIT	open_branch_packets	Equation anchor supports this named claim.
EQ_FULL_BUNDLE_TARGET_SURFACE	SUPPORTS_CLAIM	CLAIM_RESPONSE_READOUT_DISCIPLINE	paper_facing_ontology_discipline	Equation anchor supports this named claim.
EQ_FULL_BUNDLE_TARGET_SURFACE	SUPPORTS_CLAIM	CLAIM_STAGE023_FULL_BUNDLE_RATIO	exact_within_reduced_bundle	Equation anchor supports this named claim.
EQ_FULL_BUNDLE_TARGET_SURFACE	SUPPORTS_CLAIM	CLAIM_STAGE025_031_SELECTED_BRANCH	exact_within_selected_reduced_branch	Equation anchor supports this named claim.
EQ_FULL_BUNDLE_TARGET_SURFACE	ANCHORS	MATH_FULL_BUNDLE_TARGET_SURFACE	equation_anchor	Equation anchor belongs to or formalizes this graph node.
EQ_G2_COMMON_TANGENT	ANCHORS	ANOMALY_G2_COMMON_QUOTIENT	equation_anchor	Equation anchor belongs to or formalizes this graph node.
EQ_G2_COMMON_TANGENT	SUPPORTS_CLAIM	CLAIM_G2_COMMON_QUOTIENT	conditional_reduced_residual	Equation anchor supports this named claim.
EQ_GNLS_BULK	SUPPORTS_CLAIM	CLAIM_PARENT_ACTION_CURRENT_EXACT	exact_parent_current	Equation anchor supports this named claim.
EQ_GNLS_BULK	ANCHORS	MATH_GNLS_PSI	equation_anchor	Equation anchor belongs to or formalizes this graph node.
EQ_GROUPED_RESPONSE_MOMENTS	SUPPORTS_CLAIM	CLAIM_3PN_GROUPED_P2_WITHIN_HIERARCHY	exact_assembly_within_closure	Equation anchor supports this named claim.
EQ_GROUPED_RESPONSE_MOMENTS	SUPPORTS_CLAIM	CLAIM_STAGE022_P0_TARGET	exact_within_grouped_bridge	Equation anchor supports this named claim.
EQ_GROUPED_RESPONSE_MOMENTS	FEEDS	EQ_FULL_BUNDLE_TARGET_SURFACE	reduced	Response moments enter one-pole and full-bundle target surface.
EQ_GROUPED_RESPONSE_MOMENTS	ANCHORS	MT_STAGE022_GROUPED_P2_BRIDGE	equation_anchor	Equation anchor belongs to or formalizes this graph node.
EQ_LEPTON_HALF_INTEGER	SUPPORTS_CLAIM	CLAIM_LEPTON_HALF_INTEGER_CONDITIONAL	conditional_open	Equation anchor supports this named claim.
EQ_LEPTON_HALF_INTEGER	ANCHORS	LEPTON_HALF_INTEGER_CONDITIONAL	equation_anchor	Equation anchor belongs to or formalizes this graph node.
EQ_LEPTON_MASS_PARTITION	SUPPORTS_CLAIM	CLAIM_LEPTON_MASS_REDUCED_LEDGER	reduced_closure_theorem_open_scale	Equation anchor supports this named claim.
EQ_LEPTON_MASS_PARTITION	ANCHORS	LEPTON_MASS_REDUCED_LEDGER	equation_anchor	Equation anchor belongs to or formalizes this graph node.
EQ_LONGITUDINAL_IDENTITY	SUPPORTS_CLAIM	CLAIM_PROJECTION_OPEN_BRANE_SYSTEM	exact_projection_plus_controlled_hook	Equation anchor supports this named claim.
EQ_LONGITUDINAL_IDENTITY	ANCHORS	MATH_LONGITUDINAL_IDENTITY	equation_anchor	Equation anchor belongs to or formalizes this graph node.
EQ_LONGITUDINAL_IDENTITY	REDUCES_TO	MATH_POISSON_HOOK	controlled	Quasi-static longitudinal regime gives Poisson hook.
EQ_MAXWELL_MIXED_TRANSFER	SUPPORTS_CLAIM	CLAIM_MIXED_RECIRCULATION_OPEN	open	Equation anchor supports this named claim.
EQ_MAXWELL_MIXED_TRANSFER	SUPPORTS_CLAIM	CLAIM_MIXED_SECTOR_MICROSCOPIC	exact_gauge_invariant_with_reduced_uses	Equation anchor supports this named claim.
EQ_MAXWELL_MIXED_TRANSFER	SUPPORTS_CLAIM	CLAIM_PROJECTED_EM_OUTGOING_BRIDGE	exact_within_reduced_mixed_kernel	Equation anchor supports this named claim.
EQ_MAXWELL_MIXED_TRANSFER	MULTIPLIES	EQ_COMPACT_L2_FINGERPRINT	reduced	Mixed transfer carries the outgoing fingerprint to the wall branch.
EQ_MAXWELL_MIXED_TRANSFER	ANCHORS	MATH_MAXWELL_MIXED_KERNEL	equation_anchor	Equation anchor belongs to or formalizes this graph node.
EQ_MONOMIAL_QUOTIENT	SUPPORTS_CLAIM	CLAIM_5PN_FULL_BUNDLE_SURFACE	exact_within_reduced_bundle_open_branch	Equation anchor supports this named claim.
EQ_MONOMIAL_QUOTIENT	SUPPORTS_CLAIM	CLAIM_G2_COMMON_QUOTIENT	conditional_reduced_residual	Equation anchor supports this named claim.
EQ_MONOMIAL_QUOTIENT	FEEDS	EQ_G2_COMMON_TANGENT	conditional	g-2 common tangent target is expressed in quotient coordinates.
EQ_MONOMIAL_QUOTIENT	PARAMETERIZES	EQ_XI1_PREF_SLOPE	exact_within_branch	Quotient coordinates parameterize the Xi1 branch defect.
EQ_MONOMIAL_QUOTIENT	ANCHORS	MATH_MONOMIAL_QUOTIENT	equation_anchor	Equation anchor belongs to or formalizes this graph node.
EQ_P0_TARGET	SUPPORTS_CLAIM	CLAIM_25PN_QUAD_NARROWING	conditional_theorem_open_normalization	Equation anchor supports this named claim.
EQ_P0_TARGET	SUPPORTS_CLAIM	CLAIM_4PN_LOCAL_CLOSED_TAIL_CONDITIONAL	local_closed_tail_conditional	Equation anchor supports this named claim.
EQ_P0_TARGET	SUPPORTS_CLAIM	CLAIM_RESPONSE_READOUT_DISCIPLINE	paper_facing_ontology_discipline	Equation anchor supports this named claim.
EQ_P0_TARGET	SUPPORTS_CLAIM	CLAIM_STAGE022_P0_TARGET	exact_within_grouped_bridge	Equation anchor supports this named claim.
EQ_P0_TARGET	SUPPORTS_CLAIM	CLAIM_STAGE025_031_SELECTED_BRANCH	exact_within_selected_reduced_branch	Equation anchor supports this named claim.
EQ_P0_TARGET	REQUIRED_BY	EQ_4PN_TAIL_BRIDGE	conditional	The 4PN tail bridge uses the same quadrupole normalization.
EQ_P0_TARGET	IS_COMPONENT_OF	EQ_FULL_BUNDLE_TARGET_SURFACE	conditional	Universal quadrupole target is one part of the full-bundle surface.
EQ_P0_TARGET	ANCHORS	OPEN_QUAD_NORMALIZATION	equation_anchor	Equation anchor belongs to or formalizes this graph node.
EQ_PARENT_ACTION_CURRENT	SUPPORTS_CLAIM	CLAIM_PARENT_ACTION_CURRENT_EXACT	exact_parent_current	Equation anchor supports this named claim.
EQ_PARENT_ACTION_CURRENT	SUPPORTS_CLAIM	CLAIM_PARENT_WALL_STATUS_SPLIT	strict_parent_fail_effective_wall_pass	Equation anchor supports this named claim.
EQ_PARENT_ACTION_CURRENT	ANCHORS	MATH_PARENT_ACTION_CURRENT	equation_anchor	Equation anchor belongs to or formalizes this graph node.
EQ_PROJECTED_CONTINUITY	SUPPORTS_CLAIM	CLAIM_PROJECTION_OPEN_BRANE_SYSTEM	exact_projection_plus_controlled_hook	Equation anchor supports this named claim.
EQ_PROJECTED_CONTINUITY	FEEDS	EQ_LONGITUDINAL_IDENTITY	exact	Longitudinal Helmholtz split of brane velocity gives identity.
EQ_PROJECTED_CONTINUITY	ANCHORS	MATH_PROJECTED_CONTINUITY	equation_anchor	Equation anchor belongs to or formalizes this graph node.
EQ_QEFF_NORMALIZATION	FEEDS	ATOM_HYDROGEN_ZERO_MODE	reduced	Sets observed charge scale in the reduced atomic sector.
EQ_QEFF_NORMALIZATION	SUPPORTS_CLAIM	CLAIM_ATOMIC_HYDROGEN_ZERO_MODE	reduced_sector_consequence	Equation anchor supports this named claim.
EQ_QEFF_NORMALIZATION	SUPPORTS_CLAIM	CLAIM_CHARGE_ONTOLOGY_FIREWALL	exact_bookkeeping_firewall	Equation anchor supports this named claim.
EQ_QEFF_NORMALIZATION	SUPPORTS_CLAIM	CLAIM_ZERO_MODE_MAXWELL_REDUCTION	controlled_reduction	Equation anchor supports this named claim.
EQ_QEFF_NORMALIZATION	ANCHORS	MATH_QSTAR_QEFF	equation_anchor	Equation anchor belongs to or formalizes this graph node.
EQ_WALL_MODAL_PDE	SUPPORTS_CLAIM	CLAIM_PARENT_WALL_STATUS_SPLIT	strict_parent_fail_effective_wall_pass	Equation anchor supports this named claim.
EQ_WALL_MODAL_PDE	SUPPORTS_CLAIM	CLAIM_STAGE1_GEOMETRY_LIFT	effective_geometry_lift	Equation anchor supports this named claim.
EQ_WALL_MODAL_PDE	SPECIALIZES_TO	EQ_WALL_P2_STIFFNESS	effective_closure	l=2 specialization gives grouped P2 stiffness.
EQ_WALL_MODAL_PDE	ANCHORS	MATH_WALL_MODAL_PDE	equation_anchor	Equation anchor belongs to or formalizes this graph node.
EQ_WALL_P2_STIFFNESS	SUPPORTS_CLAIM	CLAIM_STAGE2_AL_RECOVERY	exact_within_wall_action	Equation anchor supports this named claim.
EQ_WALL_P2_STIFFNESS	FEEDS	EQ_BDG_SCHUR_KERNEL	reduced	Bare P2 wall operator is then dressed by BdG support.
EQ_WALL_P2_STIFFNESS	ANCHORS	PHYS_GROUPED_P2_SHAPE_RESPONSE	equation_anchor	Equation anchor belongs to or formalizes this graph node.
EQ_WEAK_AXISYM_SIGNATURE	SUPPORTS_CLAIM	CLAIM_5PN_FULL_BUNDLE_SURFACE	exact_within_reduced_bundle_open_branch	Equation anchor supports this named claim.
EQ_WEAK_AXISYM_SIGNATURE	SUPPORTS_CLAIM	CLAIM_STAGE024_O3_ISOTROPY	exact_angular_reduced	Equation anchor supports this named claim.
EQ_WEAK_AXISYM_SIGNATURE	ORGANIZES	EQ_XI1_PREF_SLOPE	exact_first_order	Weak-axisymmetric signature carries prefactor slope Xi1.
EQ_WEAK_AXISYM_SIGNATURE	ANCHORS	MATH_WEAK_AXISYM_SPLITTING	equation_anchor	Equation anchor belongs to or formalizes this graph node.
EQ_XI1_PREF_SLOPE	SUPPORTS_CLAIM	CLAIM_G2_COMMON_QUOTIENT	conditional_reduced_residual	Equation anchor supports this named claim.
EQ_XI1_PREF_SLOPE	SUPPORTS_CLAIM	CLAIM_PACKET_A_PACKET_B_SPLIT	open_branch_packets	Equation anchor supports this named claim.
EQ_XI1_PREF_SLOPE	ANCHORS	MATH_XI1_PREF_SLOPE	equation_anchor	Equation anchor belongs to or formalizes this graph node.
EQ_ZERO_MODE_MAXWELL	FEEDS	ATOM_HYDROGEN_ZERO_MODE	reduced	Provides the Coulomb sector used in first-pass atomic reduction.
EQ_ZERO_MODE_MAXWELL	SUPPORTS_CLAIM	CLAIM_ATOMIC_HYDROGEN_ZERO_MODE	reduced_sector_consequence	Equation anchor supports this named claim.
EQ_ZERO_MODE_MAXWELL	SUPPORTS_CLAIM	CLAIM_MAXWELL_GAUGE_LOCALIZATION_PATCH	safe_interpretation_or_structural_patch	Equation anchor supports this named claim.
EQ_ZERO_MODE_MAXWELL	SUPPORTS_CLAIM	CLAIM_PARENT_ACTION_CURRENT_EXACT	exact_parent_current	Equation anchor supports this named claim.
EQ_ZERO_MODE_MAXWELL	SUPPORTS_CLAIM	CLAIM_ZERO_MODE_MAXWELL_REDUCTION	controlled_reduction	Equation anchor supports this named claim.
EQ_ZERO_MODE_MAXWELL	ANCHORS	MATH_ZERO_MODE_MAXWELL	equation_anchor	Equation anchor belongs to or formalizes this graph node.
FILE_1PN_BRIDGE	OWNS_OR_ANCHORS_CLAIM	CLAIM_1PN_EIH_WITHIN_HIERARCHY	exact_assembly_within_closure	Source artifact anchors this claim.
FILE_1PN_BRIDGE	DOCUMENTS	PN_1_EIH_FULL	source_anchor	File anchor documents this node.
FILE_1PN_FULL	OWNS_OR_ANCHORS_CLAIM	CLAIM_1PN_EIH_WITHIN_HIERARCHY	exact_assembly_within_closure	Source artifact anchors this claim.
FILE_1PN_FULL	OWNS_OR_ANCHORS_CLAIM	CLAIM_CHARGE_ONTOLOGY_FIREWALL	exact_bookkeeping_firewall	Source artifact anchors this claim.
FILE_1PN_FULL	CONTAINS_EQUATION	EQ_1PN_EIH_EQUALITY	source_anchor	Source artifact contains or supports EQ_1PN_EIH_EQUALITY.
FILE_1PN_FULL	DOCUMENTS	PN_1_EIH_FULL	source_anchor	File anchor documents this node.
FILE_2PN_FULL	OWNS_OR_ANCHORS_CLAIM	CLAIM_2PN_ADM_WITHIN_HIERARCHY	exact_assembly_within_closure	Source artifact anchors this claim.
FILE_2PN_FULL	OWNS_OR_ANCHORS_CLAIM	CLAIM_CHARGE_ONTOLOGY_FIREWALL	exact_bookkeeping_firewall	Source artifact anchors this claim.
FILE_2PN_FULL	CONTAINS_EQUATION	EQ_2PN_ADM_EQUALITY	source_anchor	Source artifact contains or supports EQ_2PN_ADM_EQUALITY.
FILE_2PN_FULL	DOCUMENTS	PN_2_ADM_FULL	source_anchor	File anchor documents this node.
FILE_2_5PN	OWNS_OR_ANCHORS_CLAIM	CLAIM_25PN_QUAD_NARROWING	conditional_theorem_open_normalization	Source artifact anchors this claim.
FILE_2_5PN	OWNS_OR_ANCHORS_CLAIM	CLAIM_STAGE022_P0_TARGET	exact_within_grouped_bridge	Source artifact anchors this claim.
FILE_2_5PN	CONTAINS_EQUATION	EQ_P0_TARGET	source_anchor	Source artifact contains or supports EQ_P0_TARGET.
FILE_2_5PN	DOCUMENTS	PN_2_5_QUAD_NARROWING	source_anchor	File anchor documents this node.
FILE_3PN_FULL	OWNS_OR_ANCHORS_CLAIM	CLAIM_3PN_GROUPED_P2_WITHIN_HIERARCHY	exact_assembly_within_closure	Source artifact anchors this claim.
FILE_3PN_FULL	CONTAINS_EQUATION	EQ_3PN_SPLIT	source_anchor	Source artifact contains or supports EQ_3PN_SPLIT.
FILE_3PN_FULL	DOCUMENTS	PN_3_GROUPED_P2_FULL	source_anchor	File anchor documents this node.
FILE_4D_PARENT	OWNS_OR_ANCHORS_CLAIM	CLAIM_ATOMIC_HYDROGEN_ZERO_MODE	reduced_sector_consequence	Source artifact anchors this claim.
FILE_4D_PARENT	OWNS_OR_ANCHORS_CLAIM	CLAIM_CHARGE_ONTOLOGY_FIREWALL	exact_bookkeeping_firewall	Source artifact anchors this claim.
FILE_4D_PARENT	OWNS_OR_ANCHORS_CLAIM	CLAIM_PARENT_ACTION_CURRENT_EXACT	exact_parent_current	Source artifact anchors this claim.
FILE_4D_PARENT	OWNS_OR_ANCHORS_CLAIM	CLAIM_PROJECTION_OPEN_BRANE_SYSTEM	exact_projection_plus_controlled_hook	Source artifact anchors this claim.
FILE_4D_PARENT	OWNS_OR_ANCHORS_CLAIM	CLAIM_ZERO_MODE_MAXWELL_REDUCTION	controlled_reduction	Source artifact anchors this claim.
FILE_4D_PARENT	CONTAINS_EQUATION	EQ_BULK_CONTINUITY	source_anchor	Source artifact contains or supports EQ_BULK_CONTINUITY.
FILE_4D_PARENT	CONTAINS_EQUATION	EQ_GNLS_BULK	source_anchor	Source artifact contains or supports EQ_GNLS_BULK.
FILE_4D_PARENT	CONTAINS_EQUATION	EQ_LONGITUDINAL_IDENTITY	source_anchor	Source artifact contains or supports EQ_LONGITUDINAL_IDENTITY.
FILE_4D_PARENT	CONTAINS_EQUATION	EQ_PARENT_ACTION_CURRENT	source_anchor	Source artifact contains or supports EQ_PARENT_ACTION_CURRENT.
FILE_4D_PARENT	CONTAINS_EQUATION	EQ_PROJECTED_CONTINUITY	source_anchor	Source artifact contains or supports EQ_PROJECTED_CONTINUITY.
FILE_4D_PARENT	CONTAINS_EQUATION	EQ_QEFF_NORMALIZATION	source_anchor	Source artifact contains or supports EQ_QEFF_NORMALIZATION.
FILE_4D_PARENT	CONTAINS_EQUATION	EQ_ZERO_MODE_MAXWELL	source_anchor	Source artifact contains or supports EQ_ZERO_MODE_MAXWELL.
FILE_4D_PARENT	DOCUMENTS	MATH_LONGITUDINAL_IDENTITY	source_anchor	File anchor documents this node.
FILE_4D_PARENT	DOCUMENTS	MATH_PARENT_ACTION_CURRENT	source_anchor	File anchor documents this node.
FILE_4D_PARENT	DOCUMENTS	MATH_PROJECTED_CONTINUITY	source_anchor	File anchor documents this node.
FILE_4D_PARENT	DOCUMENTS	MATH_QSTAR_QEFF	source_anchor	File anchor documents this node.
FILE_4PN_FULL	OWNS_OR_ANCHORS_CLAIM	CLAIM_4PN_LOCAL_CLOSED_TAIL_CONDITIONAL	local_closed_tail_conditional	Source artifact anchors this claim.
FILE_4PN_FULL	OWNS_OR_ANCHORS_CLAIM	CLAIM_STAGE022_P0_TARGET	exact_within_grouped_bridge	Source artifact anchors this claim.
FILE_4PN_FULL	CONTAINS_EQUATION	EQ_4PN_TAIL_BRIDGE	source_anchor	Source artifact contains or supports EQ_4PN_TAIL_BRIDGE.
FILE_4PN_FULL	CONTAINS_EQUATION	EQ_P0_TARGET	source_anchor	Source artifact contains or supports EQ_P0_TARGET.
FILE_4PN_FULL	DOCUMENTS	PN_4_LOCAL_TAIL	source_anchor	File anchor documents this node.
FILE_5PN_FULL	OWNS_OR_ANCHORS_CLAIM	CLAIM_5PN_FULL_BUNDLE_SURFACE	exact_within_reduced_bundle_open_branch	Source artifact anchors this claim.
FILE_5PN_FULL	OWNS_OR_ANCHORS_CLAIM	CLAIM_G2_COMMON_QUOTIENT	conditional_reduced_residual	Source artifact anchors this claim.
FILE_5PN_FULL	OWNS_OR_ANCHORS_CLAIM	CLAIM_STAGE023_FULL_BUNDLE_RATIO	exact_within_reduced_bundle	Source artifact anchors this claim.
FILE_5PN_FULL	OWNS_OR_ANCHORS_CLAIM	CLAIM_STAGE024_O3_ISOTROPY	exact_angular_reduced	Source artifact anchors this claim.
FILE_5PN_FULL	CONTAINS_EQUATION	EQ_FULL_BUNDLE_TARGET_SURFACE	source_anchor	Source artifact contains or supports EQ_FULL_BUNDLE_TARGET_SURFACE.
FILE_5PN_FULL	CONTAINS_EQUATION	EQ_MONOMIAL_QUOTIENT	source_anchor	Source artifact contains or supports EQ_MONOMIAL_QUOTIENT.
FILE_5PN_FULL	CONTAINS_EQUATION	EQ_WEAK_AXISYM_SIGNATURE	source_anchor	Source artifact contains or supports EQ_WEAK_AXISYM_SIGNATURE.
FILE_5PN_FULL	CONTAINS_EQUATION	EQ_XI1_PREF_SLOPE	source_anchor	Source artifact contains or supports EQ_XI1_PREF_SLOPE.
FILE_5PN_FULL	DOCUMENTS	PN_5_FULL_BUNDLE_SURFACE	source_anchor	File anchor documents this node.
FILE_ATOM_WORK	DOCUMENTS	ATOM_FINITE_SIZE_P22	source_anchor	File anchor documents this node.
FILE_ATOM_WORK	DOCUMENTS	ATOM_HYDROGEN_ZERO_MODE	source_anchor	File anchor documents this node.
FILE_ATOM_WORK	OWNS_OR_ANCHORS_CLAIM	CLAIM_ATOMIC_HYDROGEN_ZERO_MODE	reduced_sector_consequence	Source artifact anchors this claim.
FILE_ATOM_WORK	OWNS_OR_ANCHORS_CLAIM	CLAIM_CHARGE_ONTOLOGY_FIREWALL	exact_bookkeeping_firewall	Source artifact anchors this claim.
FILE_EM_FIELDS	OWNS_OR_ANCHORS_CLAIM	CLAIM_ATOMIC_HYDROGEN_ZERO_MODE	reduced_sector_consequence	Source artifact anchors this claim.
FILE_EM_FIELDS	OWNS_OR_ANCHORS_CLAIM	CLAIM_CHARGE_ONTOLOGY_FIREWALL	exact_bookkeeping_firewall	Source artifact anchors this claim.
FILE_EM_FIELDS	OWNS_OR_ANCHORS_CLAIM	CLAIM_MAXWELL_GAUGE_LOCALIZATION_PATCH	safe_interpretation_or_structural_patch	Source artifact anchors this claim.
FILE_EM_FIELDS	OWNS_OR_ANCHORS_CLAIM	CLAIM_MIXED_SECTOR_MICROSCOPIC	exact_gauge_invariant_with_reduced_uses	Source artifact anchors this claim.
FILE_EM_FIELDS	OWNS_OR_ANCHORS_CLAIM	CLAIM_PARENT_ACTION_CURRENT_EXACT	exact_parent_current	Source artifact anchors this claim.
FILE_EM_FIELDS	OWNS_OR_ANCHORS_CLAIM	CLAIM_ZERO_MODE_MAXWELL_REDUCTION	controlled_reduction	Source artifact anchors this claim.
FILE_EM_FIELDS	CONTAINS_EQUATION	EQ_QEFF_NORMALIZATION	source_anchor	Source artifact contains or supports EQ_QEFF_NORMALIZATION.
FILE_EM_FIELDS	CONTAINS_EQUATION	EQ_ZERO_MODE_MAXWELL	source_anchor	Source artifact contains or supports EQ_ZERO_MODE_MAXWELL.
FILE_EM_FIELDS	DOCUMENTS	MATH_LOCALIZED_MAXWELL_AM	source_anchor	File anchor documents this node.
FILE_EM_FIELDS	DOCUMENTS	MATH_MIXED_FIELDS_EW_CA	source_anchor	File anchor documents this node.
FILE_EM_FIELDS	DOCUMENTS	MATH_QSTAR_QEFF	source_anchor	File anchor documents this node.
FILE_EM_FIELDS	DOCUMENTS	MATH_ZERO_MODE_MAXWELL	source_anchor	File anchor documents this node.
FILE_G2_OUTPUT	DOCUMENTS	ANOMALY_G2_COMMON_QUOTIENT	source_anchor	File anchor documents this node.
FILE_G2_OUTPUT	DOCUMENTS	ANOMALY_G2_STAGGERED_BASELINE	source_anchor	File anchor documents this node.
FILE_G2_OUTPUT	OWNS_OR_ANCHORS_CLAIM	CLAIM_G2_COMMON_QUOTIENT	conditional_reduced_residual	Source artifact anchors this claim.
FILE_G2_OUTPUT	CONTAINS_EQUATION	EQ_G2_COMMON_TANGENT	source_anchor	Source artifact contains or supports EQ_G2_COMMON_TANGENT.
FILE_G2_OUTPUT	CONTAINS_EQUATION	EQ_MONOMIAL_QUOTIENT	source_anchor	Source artifact contains or supports EQ_MONOMIAL_QUOTIENT.
FILE_G2_OUTPUT	CONTAINS_EQUATION	EQ_XI1_PREF_SLOPE	source_anchor	Source artifact contains or supports EQ_XI1_PREF_SLOPE.
FILE_LEPTON_MASS	OWNS_OR_ANCHORS_CLAIM	CLAIM_LEPTON_MASS_REDUCED_LEDGER	reduced_closure_theorem_open_scale	Source artifact anchors this claim.
FILE_LEPTON_MASS	CONTAINS_EQUATION	EQ_LEPTON_MASS_PARTITION	source_anchor	Source artifact contains or supports EQ_LEPTON_MASS_PARTITION.
FILE_LEPTON_MASS	DOCUMENTS	LEPTON_MASS_REDUCED_LEDGER	source_anchor	File anchor documents this node.
FILE_LEPTON_WORK	OWNS_OR_ANCHORS_CLAIM	CLAIM_CHARGE_ONTOLOGY_FIREWALL	exact_bookkeeping_firewall	Source artifact anchors this claim.
FILE_LEPTON_WORK	OWNS_OR_ANCHORS_CLAIM	CLAIM_LEPTON_HALF_INTEGER_CONDITIONAL	conditional_open	Source artifact anchors this claim.
FILE_LEPTON_WORK	OWNS_OR_ANCHORS_CLAIM	CLAIM_LEPTON_MASS_REDUCED_LEDGER	reduced_closure_theorem_open_scale	Source artifact anchors this claim.
FILE_LEPTON_WORK	CONTAINS_EQUATION	EQ_LEPTON_HALF_INTEGER	source_anchor	Source artifact contains or supports EQ_LEPTON_HALF_INTEGER.
FILE_LEPTON_WORK	CONTAINS_EQUATION	EQ_LEPTON_MASS_PARTITION	source_anchor	Source artifact contains or supports EQ_LEPTON_MASS_PARTITION.
FILE_LEPTON_WORK	DOCUMENTS	LEPTON_HALF_INTEGER_CONDITIONAL	source_anchor	File anchor documents this node.
FILE_LEPTON_WORK	DOCUMENTS	LEPTON_MIXED_BERRY_ROTOR	source_anchor	File anchor documents this node.
FILE_MOVING_THROAT_COMPACT	OWNS_OR_ANCHORS_CLAIM	CLAIM_5PN_FULL_BUNDLE_SURFACE	exact_within_reduced_bundle_open_branch	Source artifact anchors this claim.
FILE_MOVING_THROAT_COMPACT	OWNS_OR_ANCHORS_CLAIM	CLAIM_BRANCH_EXPORTER_REQUIRED	open_actual_branch	Source artifact anchors this claim.
FILE_MOVING_THROAT_COMPACT	OWNS_OR_ANCHORS_CLAIM	CLAIM_MATERIAL_CLOSURE_GAP	open	Source artifact anchors this claim.
FILE_MOVING_THROAT_COMPACT	OWNS_OR_ANCHORS_CLAIM	CLAIM_MIXED_RECIRCULATION_OPEN	open	Source artifact anchors this claim.
FILE_MOVING_THROAT_COMPACT	OWNS_OR_ANCHORS_CLAIM	CLAIM_MIXED_SECTOR_MICROSCOPIC	exact_gauge_invariant_with_reduced_uses	Source artifact anchors this claim.
FILE_MOVING_THROAT_COMPACT	OWNS_OR_ANCHORS_CLAIM	CLAIM_PACKET_A_PACKET_B_SPLIT	open_branch_packets	Source artifact anchors this claim.
FILE_MOVING_THROAT_COMPACT	OWNS_OR_ANCHORS_CLAIM	CLAIM_RESPONSE_READOUT_DISCIPLINE	paper_facing_ontology_discipline	Source artifact anchors this claim.
FILE_MOVING_THROAT_COMPACT	OWNS_OR_ANCHORS_CLAIM	CLAIM_STAGE1_GEOMETRY_LIFT	effective_geometry_lift	Source artifact anchors this claim.
FILE_MOVING_THROAT_COMPACT	OWNS_OR_ANCHORS_CLAIM	CLAIM_STAGE2_AL_RECOVERY	exact_within_wall_action	Source artifact anchors this claim.
FILE_MOVING_THROAT_COMPACT	OWNS_OR_ANCHORS_CLAIM	CLAIM_STAGE3_BDG_SCHUR	exact_within_reduced_stable_modes	Source artifact anchors this claim.
FILE_MOVING_THROAT_COMPACT	OWNS_OR_ANCHORS_CLAIM	CLAIM_PROJECTED_EM_OUTGOING_BRIDGE	exact_within_reduced_mixed_kernel	Source artifact anchors this claim.
FILE_MOVING_THROAT_COMPACT	OWNS_OR_ANCHORS_CLAIM	CLAIM_STAGE022_P0_TARGET	exact_within_grouped_bridge	Source artifact anchors this claim.
FILE_MOVING_THROAT_COMPACT	OWNS_OR_ANCHORS_CLAIM	CLAIM_STAGE023_FULL_BUNDLE_RATIO	exact_within_reduced_bundle	Source artifact anchors this claim.
FILE_MOVING_THROAT_COMPACT	OWNS_OR_ANCHORS_CLAIM	CLAIM_STAGE024_O3_ISOTROPY	exact_angular_reduced	Source artifact anchors this claim.
FILE_MOVING_THROAT_COMPACT	OWNS_OR_ANCHORS_CLAIM	CLAIM_STAGE025_031_SELECTED_BRANCH	exact_within_selected_reduced_branch	Source artifact anchors this claim.
FILE_MOVING_THROAT_COMPACT	CONTAINS_EQUATION	EQ_BDG_SCHUR_KERNEL	source_anchor	Source artifact contains or supports EQ_BDG_SCHUR_KERNEL.
FILE_MOVING_THROAT_COMPACT	CONTAINS_EQUATION	EQ_BULK_CONTINUITY	source_anchor	Source artifact contains or supports EQ_BULK_CONTINUITY.
FILE_MOVING_THROAT_COMPACT	CONTAINS_EQUATION	EQ_COMPACT_L2_FINGERPRINT	source_anchor	Source artifact contains or supports EQ_COMPACT_L2_FINGERPRINT.
FILE_MOVING_THROAT_COMPACT	CONTAINS_EQUATION	EQ_GNLS_BULK	source_anchor	Source artifact contains or supports EQ_GNLS_BULK.
FILE_MOVING_THROAT_COMPACT	CONTAINS_EQUATION	EQ_GROUPED_RESPONSE_MOMENTS	source_anchor	Source artifact contains or supports EQ_GROUPED_RESPONSE_MOMENTS.
FILE_MOVING_THROAT_COMPACT	CONTAINS_EQUATION	EQ_MAXWELL_MIXED_TRANSFER	source_anchor	Source artifact contains or supports EQ_MAXWELL_MIXED_TRANSFER.
FILE_MOVING_THROAT_COMPACT	CONTAINS_EQUATION	EQ_P0_TARGET	source_anchor	Source artifact contains or supports EQ_P0_TARGET.
FILE_MOVING_THROAT_COMPACT	CONTAINS_EQUATION	EQ_WALL_MODAL_PDE	source_anchor	Source artifact contains or supports EQ_WALL_MODAL_PDE.
FILE_MOVING_THROAT_COMPACT	CONTAINS_EQUATION	EQ_WALL_P2_STIFFNESS	source_anchor	Source artifact contains or supports EQ_WALL_P2_STIFFNESS.
FILE_MOVING_THROAT_COMPACT	CONTAINS_EQUATION	EQ_WEAK_AXISYM_SIGNATURE	source_anchor	Source artifact contains or supports EQ_WEAK_AXISYM_SIGNATURE.
FILE_MOVING_THROAT_COMPACT	DOCUMENTS	MT_STAGE1_GEOMETRY_LIFT	source_anchor	File anchor documents this node.
FILE_MOVING_THROAT_COMPACT	DOCUMENTS	OPEN_ACTUAL_BRANCH_EXPORTER	source_anchor	File anchor documents this node.
FILE_MOVING_THROAT_OUTPUT	DOCUMENTS	PHYS_BRANCH_EXPORTER	source_anchor	File anchor documents this node.
FILE_PDE_AUDIT	OWNS_OR_ANCHORS_CLAIM	CLAIM_BRANCH_EXPORTER_REQUIRED	open_actual_branch	Source artifact anchors this claim.
FILE_PDE_AUDIT	OWNS_OR_ANCHORS_CLAIM	CLAIM_MATERIAL_CLOSURE_GAP	open	Source artifact anchors this claim.
FILE_PDE_AUDIT	OWNS_OR_ANCHORS_CLAIM	CLAIM_MAXWELL_GAUGE_LOCALIZATION_PATCH	safe_interpretation_or_structural_patch	Source artifact anchors this claim.
FILE_PDE_AUDIT	OWNS_OR_ANCHORS_CLAIM	CLAIM_MIXED_RECIRCULATION_OPEN	open	Source artifact anchors this claim.
FILE_PDE_AUDIT	OWNS_OR_ANCHORS_CLAIM	CLAIM_MIXED_SECTOR_MICROSCOPIC	exact_gauge_invariant_with_reduced_uses	Source artifact anchors this claim.
FILE_PDE_AUDIT	OWNS_OR_ANCHORS_CLAIM	CLAIM_PACKET_A_PACKET_B_SPLIT	open_branch_packets	Source artifact anchors this claim.
FILE_PDE_AUDIT	OWNS_OR_ANCHORS_CLAIM	CLAIM_PARENT_WALL_STATUS_SPLIT	strict_parent_fail_effective_wall_pass	Source artifact anchors this claim.
FILE_PDE_AUDIT	OWNS_OR_ANCHORS_CLAIM	CLAIM_RESPONSE_READOUT_DISCIPLINE	paper_facing_ontology_discipline	Source artifact anchors this claim.
FILE_PDE_AUDIT	OWNS_OR_ANCHORS_CLAIM	CLAIM_STAGE1_GEOMETRY_LIFT	effective_geometry_lift	Source artifact anchors this claim.
FILE_PDE_AUDIT	OWNS_OR_ANCHORS_CLAIM	CLAIM_STAGE2_AL_RECOVERY	exact_within_wall_action	Source artifact anchors this claim.
FILE_PDE_AUDIT	OWNS_OR_ANCHORS_CLAIM	CLAIM_STAGE3_BDG_SCHUR	exact_within_reduced_stable_modes	Source artifact anchors this claim.
FILE_PDE_AUDIT	OWNS_OR_ANCHORS_CLAIM	CLAIM_PROJECTED_EM_OUTGOING_BRIDGE	exact_within_reduced_mixed_kernel	Source artifact anchors this claim.
FILE_PDE_AUDIT	OWNS_OR_ANCHORS_CLAIM	CLAIM_STAGE022_P0_TARGET	exact_within_grouped_bridge	Source artifact anchors this claim.
FILE_PDE_AUDIT	OWNS_OR_ANCHORS_CLAIM	CLAIM_STAGE023_FULL_BUNDLE_RATIO	exact_within_reduced_bundle	Source artifact anchors this claim.
FILE_PDE_AUDIT	OWNS_OR_ANCHORS_CLAIM	CLAIM_STAGE024_O3_ISOTROPY	exact_angular_reduced	Source artifact anchors this claim.
FILE_PDE_AUDIT	OWNS_OR_ANCHORS_CLAIM	CLAIM_STAGE025_031_SELECTED_BRANCH	exact_within_selected_reduced_branch	Source artifact anchors this claim.
FILE_PDE_AUDIT	CONTAINS_EQUATION	EQ_BDG_SCHUR_KERNEL	source_anchor	Source artifact contains or supports EQ_BDG_SCHUR_KERNEL.
FILE_PDE_AUDIT	CONTAINS_EQUATION	EQ_COMPACT_L2_FINGERPRINT	source_anchor	Source artifact contains or supports EQ_COMPACT_L2_FINGERPRINT.
FILE_PDE_AUDIT	CONTAINS_EQUATION	EQ_FULL_BUNDLE_TARGET_SURFACE	source_anchor	Source artifact contains or supports EQ_FULL_BUNDLE_TARGET_SURFACE.
FILE_PDE_AUDIT	CONTAINS_EQUATION	EQ_GROUPED_RESPONSE_MOMENTS	source_anchor	Source artifact contains or supports EQ_GROUPED_RESPONSE_MOMENTS.
FILE_PDE_AUDIT	CONTAINS_EQUATION	EQ_LONGITUDINAL_IDENTITY	source_anchor	Source artifact contains or supports EQ_LONGITUDINAL_IDENTITY.
FILE_PDE_AUDIT	CONTAINS_EQUATION	EQ_MAXWELL_MIXED_TRANSFER	source_anchor	Source artifact contains or supports EQ_MAXWELL_MIXED_TRANSFER.
FILE_PDE_AUDIT	CONTAINS_EQUATION	EQ_MONOMIAL_QUOTIENT	source_anchor	Source artifact contains or supports EQ_MONOMIAL_QUOTIENT.
FILE_PDE_AUDIT	CONTAINS_EQUATION	EQ_P0_TARGET	source_anchor	Source artifact contains or supports EQ_P0_TARGET.
FILE_PDE_AUDIT	CONTAINS_EQUATION	EQ_PARENT_ACTION_CURRENT	source_anchor	Source artifact contains or supports EQ_PARENT_ACTION_CURRENT.
FILE_PDE_AUDIT	CONTAINS_EQUATION	EQ_PROJECTED_CONTINUITY	source_anchor	Source artifact contains or supports EQ_PROJECTED_CONTINUITY.
FILE_PDE_AUDIT	CONTAINS_EQUATION	EQ_WALL_MODAL_PDE	source_anchor	Source artifact contains or supports EQ_WALL_MODAL_PDE.
FILE_PDE_AUDIT	CONTAINS_EQUATION	EQ_WALL_P2_STIFFNESS	source_anchor	Source artifact contains or supports EQ_WALL_P2_STIFFNESS.
FILE_PDE_AUDIT	CONTAINS_EQUATION	EQ_WEAK_AXISYM_SIGNATURE	source_anchor	Source artifact contains or supports EQ_WEAK_AXISYM_SIGNATURE.
FILE_PDE_AUDIT	CONTAINS_EQUATION	EQ_XI1_PREF_SLOPE	source_anchor	Source artifact contains or supports EQ_XI1_PREF_SLOPE.
FILE_PDE_AUDIT	DOCUMENTS	MT_V2_01_PARENT_WALL_AUDIT	source_anchor	File anchor documents this node.
FILE_PDE_AUDIT	DOCUMENTS	PHYS_OPEN_FINITE_EXIT	source_anchor	File anchor documents this node.
FILE_PDE_AUDIT	DOCUMENTS	PHYS_RESPONSE_READOUTS	source_anchor	File anchor documents this node.
FILE_PDE_AUDIT	DOCUMENTS	PHYS_TARGET_BLIND_BRANCH_SELECTION	source_anchor	File anchor documents this node.
FILE_CIRCULATION_PACKAGE	OWNS_OR_ANCHORS_CLAIM	CLAIM_FLUXOID_SINGLE_VALUED_PSI_QUANTIZATION	exact_identity_audit	Circulation package Step 01 anchors this quantized phase-winding audit.
FILE_CIRCULATION_PACKAGE	OWNS_OR_ANCHORS_CLAIM	CLAIM_NO_UNIVERSAL_FORCE_FROM_FLUXOID	exact_negative_within_3d_closure_analysis	Circulation package Step 02 anchors the no-universal-force scope result.
FILE_CIRCULATION_PACKAGE	DOCUMENTS	DERIVATION_COAXIAL_NEUMANN_CURRENT_LOOP	exact_within_fixed_current_far_field_closure	Circulation package Step 03 documents the fixed-current Neumann loop derivation.
FILE_CIRCULATION_PACKAGE	OWNS_OR_ANCHORS_CLAIM	CLAIM_FACING_MOUTH_SWIRL_CONDITIONAL	exact_within_fixed_current_orientation_closure	Circulation package Step 04 anchors the facing-mouth local-swirl sign rule.
FILE_CIRCULATION_PACKAGE	DOCUMENTS	DERIVATION_VECTOR_DIPOLE_ORIENTATION_CROSSCHECK	exact_dipole_far_field_crosscheck	Circulation package Step 05 documents the vector dipole orientation cross-check.
FILE_CIRCULATION_PACKAGE	OWNS_OR_ANCHORS_CLAIM	CLAIM_MIXED_CIRCULATION_PLUMBING_CONDITIONAL	conditional_open_plumbing	Circulation package Step 06 anchors the Lambda_A-conditional mixed plumbing status.
FILE_PLASMA	OWNS_OR_ANCHORS_CLAIM	CLAIM_MIXED_SECTOR_MICROSCOPIC	exact_gauge_invariant_with_reduced_uses	Source artifact anchors this claim.
FILE_PLASMA	OWNS_OR_ANCHORS_CLAIM	CLAIM_PARENT_ACTION_CURRENT_EXACT	exact_parent_current	Source artifact anchors this claim.
FILE_PLASMA	OWNS_OR_ANCHORS_CLAIM	CLAIM_PROJECTION_OPEN_BRANE_SYSTEM	exact_projection_plus_controlled_hook	Source artifact anchors this claim.
FILE_PLASMA	OWNS_OR_ANCHORS_CLAIM	CLAIM_ZERO_MODE_MAXWELL_REDUCTION	controlled_reduction	Source artifact anchors this claim.
FILE_PLASMA	CONTAINS_EQUATION	EQ_PROJECTED_CONTINUITY	source_anchor	Source artifact contains or supports EQ_PROJECTED_CONTINUITY.
FILE_PLASMA	DOCUMENTS	MATH_W_PROJECTION	source_anchor	File anchor documents this node.
FILE_PLASMA	DOCUMENTS	PHYS_MIXED_EM_CORE	source_anchor	File anchor documents this node.
FILE_PLASMA	DOCUMENTS	PHYS_SUPERFLUID_INTAKE_OUTPUT	source_anchor	File anchor documents this node.
LEPTON_HALF_INTEGER_CONDITIONAL	REFINES	OPEN_LEPTON_SPIN_DISCRETIZER	open	Half-integer spin route remains conditional on autonomous subbundle closure.
LEPTON_MASS_REDUCED_LEDGER	INTERPRETS	PHYS_INTERIOR_SUPPORT	reduced	Mass ledger is internal support/rest-energy branch data, not primitive mass.
LEPTON_MIXED_BERRY_ROTOR	REQUIRES	PHYS_MIXED_EM_CORE	conditional	Same-charge Berry rotor corridor requires mixed core channels to remain live.
MATH_BDG_SCHUR_COMPLEMENT	FORMALIZES	MT_STAGE3_BDG_COUPLING	reduced	Matches Stage-3 wall/BdG coupling kernel.
MATH_COMPACT_L2_OUTGOING_FINGERPRINT	FEEDS	OPEN_QUAD_NORMALIZATION	conditional	The i omega^5 coefficient feeds the quadrupole normalization target.
MATH_FLUXOID	SHOULD_NOT_IDENTIFY_WITH	PHYS_CHARGE_BRANCH	firewall	Circulation is magnetic/vortical, not electric charge.
MATH_FULL_BUNDLE_TARGET_SURFACE	REQUIRES	OPEN_ACTUAL_BRANCH_EXPORTER	open	Target surface can only be tested after branch exporter supplies frozen data.
MATH_GROUPED_PROJECTORS_GGRP	ORGANIZES	MT_STAGE023_FULL_GROUPED_BUNDLE	exact	Organizes the full grouped P2 bundle and anisotropy extraction.
MATH_LOCALIZED_MAXWELL_AM	CONTAINS	MATH_MIXED_FIELDS_EW_CA	exact	Mixed gauge-invariant fields remain in parent ontology.
MATH_LOCALIZED_MAXWELL_AM	REDUCES_TO	MATH_ZERO_MODE_MAXWELL	controlled	Axial gauge/zero-mode/far-field brane assumptions give 3+1 Maxwell.
MATH_LOCALIZED_MAXWELL_AM	AUDITED_BY	MT_V2_02_MAXWELL_GAUGE_AUDIT	audit	Gauge localization and gauge-fixing conventions audited.
MATH_LONGITUDINAL_IDENTITY	REDUCES_TO	MATH_POISSON_HOOK	controlled	Quasi-static/longitudinal regime gives Poisson hook.
MATH_MAXWELL_MIXED_KERNEL	FORMALIZES	MT_STAGE004_020_PROJECTED_MAXWELL	reduced	Matches Stage-4 port-active mixed-sector bridge.
MATH_MAXWELL_WEIGHTED_GAUGE_FIXING	PATCHES_OR_INTERPRETS	MATH_LOCALIZED_MAXWELL_AM	patch_or_safe_interpretation	Keeps localized Maxwell sector safe under chosen gauge-fixing convention.
MATH_MIXED_FIELDS_EW_CA	REDUCES_TO	MATH_MAXWELL_MIXED_KERNEL	reduced	Mixed fields feed reduced port-active Maxwell/mixed kernel.
MATH_MIXED_FIELDS_EW_CA	ENABLES	MT_STAGE004_020_PROJECTED_MAXWELL	exact/reduced	Mixed fields are the microscopic place for outgoing bridge.
MATH_MONOMIAL_QUOTIENT	ORGANIZES	MATH_XI1_PREF_SLOPE	exact_within_branch	Xi1 is a direct defect coordinate/prefactor slope within the quotient packet.
MATH_PARENT_ACTION_CURRENT	DERIVES	MATH_GNLS_PSI	exact	Variation gives GNLS matter equation and continuity.
MATH_PARENT_ACTION_CURRENT	DERIVES	MATH_LOCALIZED_MAXWELL_AM	exact	Variation gives localized Maxwell equation.
MATH_PARENT_ACTION_CURRENT	USES_AS_COUPLING_ARGUMENT	MATH_SIGMA_R_FIELD	exact coupling argument	Geometry currently enters through V_conf(Sigma).
MATH_PARENT_ACTION_CURRENT	AUDITED_BY	MT_V2_01_PARENT_WALL_AUDIT	audit	Audit checks whether Sigma/R is autonomous dynamical field.
MATH_POISSON_HOOK	FEEDS	PN_0_NEWTONIAN_HOOK	controlled	Poisson hook feeds Newtonian point-particle limit.
MATH_PROJECTED_CONTINUITY	DERIVES	MATH_LONGITUDINAL_IDENTITY	exact	Helmholtz split yields exact longitudinal identity.
MATH_QSTAR_QEFF	DISTINGUISHES_FROM	PHYS_MAGNETIC_VORTICAL_CIRCULATION	firewall	Charge dictionary must not be conflated with circulation.
MATH_SIGMA_R_FIELD	ORGANIZES	MT_STAGE1_GEOMETRY_LIFT	effective	Stage 1 uses Sigma/R to create distributed geometry field.
MATH_STF_SOURCE_MAP	NARROWS	OPEN_SOURCE_PORT_NORMALIZATION	open	Leaves radial/axial source/port normalization only.
MATH_WALL_ACTION_S_ETA	APPROXIMATES	MATH_PARENT_ACTION_PROMOTED	effective-to-parent patch	Quadratic wall action can be first approximation to promoted S_Sigma.
MATH_WALL_ACTION_S_ETA	REDUCES_TO	MT_STAGE2_BREATHING_REDUCTION	exact within closure	Axisymmetric two-mode truncation recovers old a,L closure.
MATH_WALL_MODAL_PDE	HAS_BOUNDARY_TERM	MATH_WALL_BOUNDARY_TRACTION	exact_if_closure	Boundary terms define driven/free/Dirichlet port conditions.
MATH_WALL_MODAL_PDE	IMPLIES_GATE	MATH_WALL_ENERGY_POSITIVITY	exact_if_closure	Wall PDE has local positivity gates.
MATH_WALL_MODAL_PDE	REDUCES_TO	MT_STAGE2_BREATHING_REDUCTION	exact_if_closure	Axisymmetric two-profile reduction recovers old a,L closure.
MATH_WALL_MODAL_PDE	SUPPORTS	PHYS_GROUPED_P2_SHAPE_RESPONSE	exact_if_closure	l=2 modes are literal wall/support modes.
MATH_WEAK_AXISYM_SPLITTING	FEEDS	OPEN_WEAK_AXISYM_ORBIT_LOCK	open	Weak-axisymmetric tangent/orbit-lock packet depends on this signature.
MATH_WEAK_FORM_BRANCH_EXTRACTOR	PREPARES	OPEN_EXECUTABLE_BRANCH_SOLVER	open	Schema is needed by executable branch solver.
MATH_W_PROJECTION	DERIVES	MATH_PROJECTED_CONTINUITY	exact	Projection of exact bulk continuity gives leakage source.
MATH_XI1_PREF_SLOPE	FEEDS	OPEN_WEAK_AXISYM_ORBIT_LOCK	open	Actual branch must export Xi1 or show orbit-lock.
MATH_ZERO_MODE_MAXWELL	SUPPRESSES_BUT_DOES_NOT_REMOVE	PHYS_MIXED_EM_CORE	firewall	Mixed channels suppressed only in far-field brane limit.
MT_STAGE1_GEOMETRY_LIFT	INTRODUCES	MATH_WALL_ACTION_S_ETA	effective	Stage 1 introduces minimal quadratic wall action as new ansatz.
MT_STAGE2_BREATHING_REDUCTION	FEEDS	MT_STAGE3_BDG_COUPLING	reduced	Wall modes then coupled to stable matter support modes.
MT_STAGE3_BDG_COUPLING	FEEDS	MT_STAGE004_020_PROJECTED_MAXWELL	exact_projection_derivation	BdG support data feeds the projection-first EM packet before the retained one-port adapter.
MT_STAGE004_020_PROJECTED_MAXWELL	CLOSED_BY	MT_STAGE021_REDUCED_ONE_PORT	retained_reduced_adapter	Projection-first EM derivation is closed for downstream response work by the retained one-port normal form.
MT_STAGE021_REDUCED_ONE_PORT	FEEDS	MT_STAGE022_GROUPED_P2_BRIDGE	exact_closure_adapter	One-lane outgoing transfer lifted to grouped P2 normalization language.
MT_STAGE022_GROUPED_P2_BRIDGE	GENERALIZES_TO	MT_STAGE023_FULL_GROUPED_BUNDLE	exact within bundle	Full 20/21/22 bundle and projectors.
MT_STAGE022_GROUPED_P2_BRIDGE	ISOLATES	OPEN_QUAD_NORMALIZATION	open	Invariant product mhat0²P0 is the remaining normalization target.
MT_STAGE022_GROUPED_P2_BRIDGE	SUPPORTS	PN_2_5_QUAD_NARROWING	reduced	Moving-throat bridge supplies exact reduced target mhat0²P0.
MT_STAGE023_FULL_GROUPED_BUNDLE	SPECIALIZES_TO	MT_STAGE024_OVERLAP_ISOTROPY	exact within O3 reduced kernel	O(3)-invariant overlap model collapses grouped lanes.
MT_STAGE023_FULL_GROUPED_BUNDLE	SUPPORTS	PN_5_FULL_BUNDLE_SURFACE	reduced	Full bundle target surface matches later 5PN/orbit-lock compression.
MT_STAGE023_FULL_GROUPED_BUNDLE	COMPRESSES_TO	READOUT_D0_C_P0_N2_N4	target packet	Full bundle exports compressed audit readouts.
MT_STAGE024_OVERLAP_ISOTROPY	NARROWS_TO	MT_STAGE025_MINIMAL_NORMALIZATION	reduced	Angular side closed; radial/axial normalization remains.
MT_STAGE024_OVERLAP_ISOTROPY	GIVES_PHYSICAL_DIAGNOSTIC	PHYS_GROUPED_P2_SHAPE_RESPONSE	reduced	O(3) isotropy and weak-axisymmetric b=3a pattern classify shape response.
MT_V2_01_PARENT_WALL_AUDIT	VALIDATES_IF_INCLUDED	MATH_WALL_MODAL_PDE	effective_closure_pass	Quadratic wall action supplies modal wall PDE.
MT_V2_01_PARENT_WALL_AUDIT	OPENS_GATE	OPEN_PARENT_PROMOTION_S_SIGMA	patch_required	Strict parent-level dynamic wall claim fails unless S_eta/S_Sigma is promoted.
MT_V2_01_PARENT_WALL_AUDIT	OPENS_GATE	OPEN_PARENT_PROMOTION_S_SIGMA	open patch	Strict parent-level wall dynamics fail unless S_eta/S_Sigma is added.
MT_V2_02_MAXWELL_GAUGE_AUDIT	AUDITS	MATH_MAXWELL_WEIGHTED_GAUGE_FIXING	status	Weighted gauge-fixing clarifies H=1 versus H=Z interpretations.
MT_V2_06_07_NEWTONIAN_UNIVERSALITY	VALIDATES_BACKBONE	PN_0_NEWTONIAN_HOOK	controlled	Projected continuity and Poisson hook support same-G Newtonian ledger.
MT_V2_08_BDG_SCHUR	VALIDATES	MATH_BDG_SCHUR_COMPLEMENT	reduced	Stable BdG modes produce Schur-complement support moments.
MT_V2_09_MAXWELL_MIXED_KERNEL	VALIDATES	MATH_MAXWELL_MIXED_KERNEL	reduced	Audits the Maxwell/mixed kernel and outgoing transfer factor.
MT_V2_10_HAMILTONIAN_STABILITY	GATES	MATH_MAXWELL_MIXED_KERNEL	mandatory	Adds internal-block, wall-softening, ghost/Krein, and dark-port failure modes.
MT_V2_11_GROUPED_PROJECTORS	FREEZES	MATH_GROUPED_PROJECTORS_GGRP	exact	Freezes grouped P2 trace/anomaly projectors.
MT_V2_12_STF_SOURCE_MAP	PROVES	MATH_STF_SOURCE_MAP	exact_angular	Closes angular source-map identity.
MT_V2_13_GROUPED_NORMALIZATION	DEFINES	MATH_FULL_BUNDLE_TARGET_SURFACE	exact_within_bundle	Defines normalized response, P0, P2, P4, target surface.
MT_V2_14_L2_OUTGOING	DERIVES	MATH_COMPACT_L2_OUTGOING_FINGERPRINT	exact_reduced	Derives compact outgoing l=2 fingerprint.
MT_V2_15_25PN_4PN_INTERFACE	INTERFACES	PN_2_5_QUAD_NARROWING	conditional	Relates moving-throat quadrupole branch to 2.5PN channel.
MT_V2_15_25PN_4PN_INTERFACE	INTERFACES	PN_4_LOCAL_TAIL	conditional	Relates same quadrupole branch to 4PN tail coefficient.
MT_V2_16_NO_REFIT	GOVERNS	OPEN_ACTUAL_BRANCH_EXPORTER	mandatory	Branch exporter must freeze protocol before target comparison.
MT_V2_17_WEAK_AXISYM	FREEZES	MATH_WEAK_AXISYM_SPLITTING	exact_first_order	Weak-axisymmetric first-order grouped signature.
MT_V2_18_MONOMIAL_ORBIT	DERIVES	MATH_MONOMIAL_QUOTIENT	exact_within_branch	Derives quotient coordinates and similarity-orbit split.
MT_V2_19_TARGET_SURFACE	FREEZES	MATH_FULL_BUNDLE_TARGET_SURFACE	exact_within_bundle	Freezes the target packet for actual-branch export.
MT_V2_20_WEAK_FORM_EXTRACTOR	PREPARES	MATH_WEAK_FORM_BRANCH_EXTRACTOR	prepared	Weak-form/Galerkin extraction schema.
MT_V2_20_WEAK_FORM_EXTRACTOR	PREPARES	OPEN_ACTUAL_BRANCH_EXPORTER	prepared	Weak-form extraction protocol is a preparation for actual branch exporter.
MT_V2_21_BRANCH_FIXTURE	TESTS	OPEN_EXECUTABLE_BRANCH_SOLVER	implemented	Fixture defines observable packets and built-in test branches.
MT_V2_22A_PROFILE_ADAPTER	FEEDS	MT_V2_21_BRANCH_FIXTURE	implemented	Profile adapter supplies coefficients to fixture extraction.
MT_V2_22B_SOLVER_SCHEMA	FEEDS	MT_V2_22A_PROFILE_ADAPTER	implemented	Solver export schema validates and feeds profile adapter.
MT_V2_22C_SMOKE_PIPELINE	PRECEDES	MT_V2_23_OPEN_BRANCH_SOLVER	implemented	Smoke pipeline precedes first real residual extraction.
MT_V2_23_OPEN_BRANCH_SOLVER	FEEDS_STATUS	MT_V2_26_STATUS	audit	Target-blind misses inform honest status boundary.
MT_V2_23_OPEN_BRANCH_SOLVER	DOES_NOT_CLOSE	OPEN_ACTUAL_BRANCH_EXPORTER	open	First target-blind simulated branch missed target; exporter still incomplete.
MT_V2_25_ACTUAL_BRANCH_PROTOCOL	REFINES	OPEN_ACTUAL_BRANCH_EXPORTER	open	Defines Packet A/B and no-refit actual branch protocol.
MT_V2_26_STATUS	DECLARES_NEXT_ARTIFACT	OPEN_ACTUAL_BRANCH_EXPORTER	open	Next required artifact is actual moving-throat branch packet.
MT_V2_26_STATUS	SUMMARIZES	OPEN_ACTUAL_BRANCH_EXPORTER	open	Current status: real audit work yes; completed one-PDE derivation no.
MT_V2_26_STATUS	DEFINES	TARGET_PACKET_A	open	Defines conservative/outgoing branch-output packet.
MT_V2_26_STATUS	DEFINES	TARGET_PACKET_B	open	Defines orbit-lock/weak-axisymmetric branch-output packet.
MT_V2_27_EXECUTABLE_AUDIT	SUPPORTS	MT_V2_26_STATUS	reproducibility	Executable harness supports audit claims but does not prove branch existence.
MT_V2_28_ONTOLOGY_CHECKLIST	ANCHORS	PHYS_BRANE_BULK_THROAT_DEFECT	paper-facing	Physical picture anchors the atlas ontology layer.
MT_V2_28_ONTOLOGY_CHECKLIST	PATCHES_LANGUAGE	PHYS_BRANE_BULK_THROAT_DEFECT	paper_facing	Paper-facing physical picture must be used consistently.
MT_V2_29_MATERIAL_GAP	ANCHORS	OPEN_MATERIAL_CLOSURE	open	Material closure gap defines open material gate.
MT_V2_30_EM_ONTOLOGY	OPENS_GATE	OPEN_MIXED_RECIRCULATION	open	Full recirculation/plumbing law remains future work.
MT_V2_30_EM_ONTOLOGY	ANCHORS	PHYS_CHARGE_BRANCH	paper-facing	EM ontology anchors charge dictionary.
MT_V2_30_EM_ONTOLOGY	ANCHORS	PHYS_MAGNETIC_VORTICAL_CIRCULATION	paper-facing	EM ontology anchors circulation/magnetism firewall.
MT_V2_30_EM_ONTOLOGY	PATCHES_LANGUAGE	PHYS_MIXED_EM_CORE	paper_facing	EM ontology/status keeps mixed channels live while respecting zero-mode reduction.
OPEN_ACTUAL_BRANCH_EXPORTER	NEEDS	OPEN_EXECUTABLE_BRANCH_SOLVER	open	Needs branch solver or analytic branch exporter.
OPEN_ACTUAL_BRANCH_EXPORTER	BLOCKED_BY	OPEN_MATERIAL_CLOSURE	open	Material closure gap may block actual moving-throat PDE branch.
OPEN_ACTUAL_BRANCH_EXPORTER	DEPENDS_ON	OPEN_MATERIAL_CLOSURE	open	Exporter may require material closure to select branch.
OPEN_ACTUAL_BRANCH_EXPORTER	DECOMPOSES_INTO	OPEN_N2_N4_MOMENT_SHAPE	open	Exporter must derive outgoing moment-shape controls.
OPEN_ACTUAL_BRANCH_EXPORTER	DECOMPOSES_INTO	OPEN_SOURCE_PORT_NORMALIZATION	open	Exporter must derive source/port normalization law.
OPEN_ACTUAL_BRANCH_EXPORTER	DECOMPOSES_INTO	OPEN_WEAK_AXISYM_ORBIT_LOCK	open	Exporter must derive weak-axisymmetric tangent/orbit-lock packet.
OPEN_ACTUAL_BRANCH_EXPORTER	MUST_REALIZE	TARGET_PACKET_A	open	Physical branch must output Packet A target-blind.
OPEN_ACTUAL_BRANCH_EXPORTER	MUST_REALIZE	TARGET_PACKET_B	open	Physical branch must output Packet B where relevant.
OPEN_LEPTON_SPIN_DISCRETIZER	DISTINGUISHES_FROM	PHYS_MAGNETIC_VORTICAL_CIRCULATION	open	Spin-like state must not reduce to ordinary orbital/vortical circulation.
OPEN_LEPTON_SPIN_DISCRETIZER	MAY_DEPEND_ON	PHYS_MIXED_EM_CORE	conditional	Lepton same-charge route likely depends on mixed-sector internal structure.
OPEN_MATERIAL_CLOSURE	OWNED_BY	MT_V2_29_MATERIAL_GAP	open	V2-29 records the material closure gap.
OPEN_PARENT_PROMOTION_S_SIGMA	REQUIRES	MATH_PARENT_ACTION_PROMOTED	open	Parent-complete statement needs S_Sigma.
OPEN_PARENT_PROMOTION_S_SIGMA	REFINES_TO	OPEN_NONLINEAR_S_SIGMA	open	Best patch is a nonlinear S_Sigma whose quadratic limit is S_eta^(2).
OPEN_QUAD_NORMALIZATION	INCLUDED_IN	TARGET_PACKET_A	open	Quadrupole normalization appears as P0/N0/D0 condition in Packet A.
PHYS_BRANCH_EXPORTER	GROUNDS_PHYSICAL_MEANING	CLAIM_BRANCH_EXPORTER_REQUIRED	open_actual_branch	Physical ontology object grounded by this claim.
PHYS_BRANE_BULK_THROAT_DEFECT	GROUNDS_PHYSICAL_MEANING	CLAIM_1PN_EIH_WITHIN_HIERARCHY	exact_assembly_within_closure	Physical ontology object grounded by this claim.
PHYS_BRANE_BULK_THROAT_DEFECT	GROUNDS_PHYSICAL_MEANING	CLAIM_LEPTON_MASS_REDUCED_LEDGER	reduced_closure_theorem_open_scale	Physical ontology object grounded by this claim.
PHYS_BRANE_BULK_THROAT_DEFECT	GROUNDS_PHYSICAL_MEANING	CLAIM_RESPONSE_READOUT_DISCIPLINE	paper_facing_ontology_discipline	Physical ontology object grounded by this claim.
PHYS_BRANE_BULK_THROAT_DEFECT	GROUNDS_PHYSICAL_MEANING	CLAIM_STAGE1_GEOMETRY_LIFT	effective_geometry_lift	Physical ontology object grounded by this claim.
PHYS_BRANE_BULK_THROAT_DEFECT	REPRESENTED_BY	MATH_SIGMA_R_FIELD	effective closure	Finite throat geometry represented by Sigma=r-R.
PHYS_BRANE_BULK_THROAT_DEFECT	HAS_PART	PHYS_INTERIOR_SUPPORT	ontology	Interior carries axial/cavity support.
PHYS_BRANE_BULK_THROAT_DEFECT	HAS_PART	PHYS_INTERIOR_SUPPORT	physical	Interior support/cavity region extends into bulk.
PHYS_BRANE_BULK_THROAT_DEFECT	HAS_PART	PHYS_MOUTH_CROSS_SECTION	ontology	Mouth is brane entrance cross-section.
PHYS_BRANE_BULK_THROAT_DEFECT	HAS_PART	PHYS_MOUTH_CROSS_SECTION	physical	Mouth is the brane-side cross-section.
PHYS_BRANE_BULK_THROAT_DEFECT	HAS_BOUNDARY_CLASS	PHYS_OPEN_CONDUIT	effective branch	Physical branch is open finite-radius conduit.
PHYS_BRANE_BULK_THROAT_DEFECT	HAS_BOUNDARY_FEATURE	PHYS_OPEN_FINITE_EXIT	physical	Open finite exit is part of the updated physical picture.
PHYS_BRANE_OBSERVER	GROUNDS_PHYSICAL_MEANING	CLAIM_ATOMIC_HYDROGEN_ZERO_MODE	reduced_sector_consequence	Physical ontology object grounded by this claim.
PHYS_BRANE_OBSERVER	GROUNDS_PHYSICAL_MEANING	CLAIM_PROJECTION_OPEN_BRANE_SYSTEM	exact_projection_plus_controlled_hook	Physical ontology object grounded by this claim.
PHYS_BRANE_OBSERVER	GROUNDS_PHYSICAL_MEANING	CLAIM_ZERO_MODE_MAXWELL_REDUCTION	controlled_reduction	Physical ontology object grounded by this claim.
PHYS_BRANE_OBSERVER	DEFINED_BY	MATH_W_PROJECTION	exact	Projection kernel defines brane observables.
PHYS_BULK_ARENA	GROUNDS_PHYSICAL_MEANING	CLAIM_PARENT_ACTION_CURRENT_EXACT	exact_parent_current	Physical ontology object grounded by this claim.
PHYS_BULK_ARENA	HOSTS	MATH_PARENT_ACTION_CURRENT	exact	Parent action lives on the 4+1 bulk arena.
PHYS_CHARGE_BRANCH	GROUNDS_PHYSICAL_MEANING	CLAIM_ATOMIC_HYDROGEN_ZERO_MODE	reduced_sector_consequence	Physical ontology object grounded by this claim.
PHYS_CHARGE_BRANCH	GROUNDS_PHYSICAL_MEANING	CLAIM_CHARGE_ONTOLOGY_FIREWALL	exact_bookkeeping_firewall	Physical ontology object grounded by this claim.
PHYS_CHARGE_BRANCH	GROUNDS_PHYSICAL_MEANING	CLAIM_LEPTON_HALF_INTEGER_CONDITIONAL	conditional_open	Physical ontology object grounded by this claim.
PHYS_CHARGE_BRANCH	REPRESENTED_BY	MATH_QSTAR_QEFF	exact	Charge branch represented by eta_Q,q_*,q_eff dictionary.
PHYS_FINITE_MOUTH_SHAPE	GROUNDS_PHYSICAL_MEANING	CLAIM_5PN_FULL_BUNDLE_SURFACE	exact_within_reduced_bundle_open_branch	Physical ontology object grounded by this claim.
PHYS_FINITE_MOUTH_SHAPE	GROUNDS_PHYSICAL_MEANING	CLAIM_PACKET_A_PACKET_B_SPLIT	open_branch_packets	Physical ontology object grounded by this claim.
PHYS_FINITE_MOUTH_SHAPE	GROUNDS_PHYSICAL_MEANING	CLAIM_PARENT_WALL_STATUS_SPLIT	strict_parent_fail_effective_wall_pass	Physical ontology object grounded by this claim.
PHYS_FINITE_MOUTH_SHAPE	GROUNDS_PHYSICAL_MEANING	CLAIM_STAGE1_GEOMETRY_LIFT	effective_geometry_lift	Physical ontology object grounded by this claim.
PHYS_FINITE_MOUTH_SHAPE	GROUNDS_PHYSICAL_MEANING	CLAIM_STAGE024_O3_ISOTROPY	exact_angular_reduced	Physical ontology object grounded by this claim.
PHYS_FINITE_MOUTH_SHAPE	GROUNDS_PHYSICAL_MEANING	CLAIM_STAGE025_031_SELECTED_BRANCH	exact_within_selected_reduced_branch	Physical ontology object grounded by this claim.
PHYS_FINITE_MOUTH_SHAPE	FEEDS	PHYS_GROUPED_P2_SHAPE_RESPONSE	reduced	Finite-mouth Hessian/tidal loading drives P0/P2 response.
PHYS_FINITE_MOUTH_SHAPE	AFFECTS	TARGET_PACKET_B	reduced/open	P22/orbit-lock/mouth bracing enters weak-axisymmetric packet.
PHYS_GROUPED_P2_SHAPE_RESPONSE	GROUNDS_PHYSICAL_MEANING	CLAIM_25PN_QUAD_NARROWING	conditional_theorem_open_normalization	Physical ontology object grounded by this claim.
PHYS_GROUPED_P2_SHAPE_RESPONSE	GROUNDS_PHYSICAL_MEANING	CLAIM_2PN_ADM_WITHIN_HIERARCHY	exact_assembly_within_closure	Physical ontology object grounded by this claim.
PHYS_GROUPED_P2_SHAPE_RESPONSE	GROUNDS_PHYSICAL_MEANING	CLAIM_3PN_GROUPED_P2_WITHIN_HIERARCHY	exact_assembly_within_closure	Physical ontology object grounded by this claim.
PHYS_GROUPED_P2_SHAPE_RESPONSE	GROUNDS_PHYSICAL_MEANING	CLAIM_STAGE1_GEOMETRY_LIFT	effective_geometry_lift	Physical ontology object grounded by this claim.
PHYS_GROUPED_P2_SHAPE_RESPONSE	GROUNDS_PHYSICAL_MEANING	CLAIM_STAGE2_AL_RECOVERY	exact_within_wall_action	Physical ontology object grounded by this claim.
PHYS_GROUPED_P2_SHAPE_RESPONSE	GROUNDS_PHYSICAL_MEANING	CLAIM_STAGE3_BDG_SCHUR	exact_within_reduced_stable_modes	Physical ontology object grounded by this claim.
PHYS_GROUPED_P2_SHAPE_RESPONSE	GROUNDS_PHYSICAL_MEANING	CLAIM_STAGE023_FULL_BUNDLE_RATIO	exact_within_reduced_bundle	Physical ontology object grounded by this claim.
PHYS_GROUPED_P2_SHAPE_RESPONSE	GROUNDS_PHYSICAL_MEANING	CLAIM_STAGE024_O3_ISOTROPY	exact_angular_reduced	Physical ontology object grounded by this claim.
PHYS_INTERIOR_SUPPORT	GROUNDS_PHYSICAL_MEANING	CLAIM_2PN_ADM_WITHIN_HIERARCHY	exact_assembly_within_closure	Physical ontology object grounded by this claim.
PHYS_INTERIOR_SUPPORT	GROUNDS_PHYSICAL_MEANING	CLAIM_LEPTON_MASS_REDUCED_LEDGER	reduced_closure_theorem_open_scale	Physical ontology object grounded by this claim.
PHYS_INTERIOR_SUPPORT	GROUNDS_PHYSICAL_MEANING	CLAIM_RESPONSE_READOUT_DISCIPLINE	paper_facing_ontology_discipline	Physical ontology object grounded by this claim.
PHYS_INTERIOR_SUPPORT	GROUNDS_PHYSICAL_MEANING	CLAIM_STAGE3_BDG_SCHUR	exact_within_reduced_stable_modes	Physical ontology object grounded by this claim.
PHYS_INTERIOR_SUPPORT	GROUNDS_PHYSICAL_MEANING	CLAIM_STAGE025_031_SELECTED_BRANCH	exact_within_selected_reduced_branch	Physical ontology object grounded by this claim.
PHYS_INTERIOR_SUPPORT	SUPPORTS	PHYS_SUPERFLUID_INTAKE_OUTPUT	physical	Interior/open conduit hosts intake/output and support channels.
PHYS_INTERIOR_SUPPORT	AFFECTS	READOUT_D0_C_P0_N2_N4	reduced/open	BdG/support spectra contribute B_n moments.
PHYS_LOCALIZED_EM_SECTOR	GROUNDS_PHYSICAL_MEANING	CLAIM_MAXWELL_GAUGE_LOCALIZATION_PATCH	safe_interpretation_or_structural_patch	Physical ontology object grounded by this claim.
PHYS_LOCALIZED_EM_SECTOR	GROUNDS_PHYSICAL_MEANING	CLAIM_PARENT_ACTION_CURRENT_EXACT	exact_parent_current	Physical ontology object grounded by this claim.
PHYS_LOCALIZED_EM_SECTOR	GROUNDS_PHYSICAL_MEANING	CLAIM_ZERO_MODE_MAXWELL_REDUCTION	controlled_reduction	Physical ontology object grounded by this claim.
PHYS_LOCALIZED_EM_SECTOR	REPRESENTED_BY	MATH_LOCALIZED_MAXWELL_AM	exact	Localized EM sector represented by A_M,F_MN with Z(w).
PHYS_LOCALIZED_EM_SECTOR	LOCALIZED_BY	MATH_Z_PROFILE	exact	Z controls EM localization and effective coupling.
PHYS_MAGNETIC_VORTICAL_CIRCULATION	GROUNDS_PHYSICAL_MEANING	CLAIM_CHARGE_ONTOLOGY_FIREWALL	exact_bookkeeping_firewall	Physical ontology object grounded by this claim.
PHYS_MAGNETIC_VORTICAL_CIRCULATION	GROUNDS_PHYSICAL_MEANING	CLAIM_MIXED_RECIRCULATION_OPEN	open	Physical ontology object grounded by this claim.
PHYS_MAGNETIC_VORTICAL_CIRCULATION	REPRESENTED_BY	MATH_FLUXOID	exact/open plumbing	Fluxoid/circulation represented by quantized holonomy law.
PHYS_MATERIAL_CLOSURE	GROUNDS_PHYSICAL_MEANING	CLAIM_MATERIAL_CLOSURE_GAP	open	Physical ontology object grounded by this claim.
PHYS_MATERIAL_CLOSURE	IS_OPEN_GATE_FOR	OPEN_MATERIAL_CLOSURE	open	Material sector must close branch-level density/speed/flux data.
PHYS_MATERIAL_CLOSURE	AFFECTS	READOUT_D0_C_P0_N2_N4	open	Material sector can shift response readouts through density/speed/flux.
PHYS_MIXED_EM_CORE	GROUNDS_PHYSICAL_MEANING	CLAIM_G2_COMMON_QUOTIENT	conditional_reduced_residual	Physical ontology object grounded by this claim.
PHYS_MIXED_EM_CORE	GROUNDS_PHYSICAL_MEANING	CLAIM_LEPTON_HALF_INTEGER_CONDITIONAL	conditional_open	Physical ontology object grounded by this claim.
PHYS_MIXED_EM_CORE	GROUNDS_PHYSICAL_MEANING	CLAIM_MAXWELL_GAUGE_LOCALIZATION_PATCH	safe_interpretation_or_structural_patch	Physical ontology object grounded by this claim.
PHYS_MIXED_EM_CORE	GROUNDS_PHYSICAL_MEANING	CLAIM_MIXED_RECIRCULATION_OPEN	open	Physical ontology object grounded by this claim.
PHYS_MIXED_EM_CORE	GROUNDS_PHYSICAL_MEANING	CLAIM_MIXED_SECTOR_MICROSCOPIC	exact_gauge_invariant_with_reduced_uses	Physical ontology object grounded by this claim.
PHYS_MIXED_EM_CORE	GROUNDS_PHYSICAL_MEANING	CLAIM_PROJECTED_EM_OUTGOING_BRIDGE	exact_within_reduced_mixed_kernel	Physical ontology object grounded by this claim.
PHYS_MIXED_EM_CORE	GROUNDS_PHYSICAL_MEANING	CLAIM_ZERO_MODE_MAXWELL_REDUCTION	controlled_reduction	Physical ontology object grounded by this claim.
PHYS_MIXED_EM_CORE	REPRESENTED_BY	MATH_MIXED_FIELDS_EW_CA	exact	Mixed physical channels represented by gauge-invariant E_w,C_a and A_w/F_mu_w/J^w.
PHYS_MIXED_EM_CORE	AFFECTS	READOUT_D0_C_P0_N2_N4	reduced/open	Mixed spectra contribute Z_n,N_n moments.
PHYS_MOUTH_CROSS_SECTION	GROUNDS_PHYSICAL_MEANING	CLAIM_STAGE2_AL_RECOVERY	exact_within_wall_action	Physical ontology object grounded by this claim.
PHYS_MOUTH_CROSS_SECTION	REQUIRES_FIREWALL	PHYS_MOUTH_INTERIOR_FIREWALL	paper_facing	Do not identify the mouth with the whole defect.
PHYS_OPEN_CONDUIT	GROUNDS_PHYSICAL_MEANING	CLAIM_MIXED_RECIRCULATION_OPEN	open	Physical ontology object grounded by this claim.
PHYS_OPEN_CONDUIT	GROUNDS_PHYSICAL_MEANING	CLAIM_MIXED_SECTOR_MICROSCOPIC	exact_gauge_invariant_with_reduced_uses	Physical ontology object grounded by this claim.
PHYS_OPEN_CONDUIT	GROUNDS_PHYSICAL_MEANING	CLAIM_PROJECTION_OPEN_BRANE_SYSTEM	exact_projection_plus_controlled_hook	Physical ontology object grounded by this claim.
PHYS_OUTGOING_QUADRUPOLE_PORT	GROUNDS_PHYSICAL_MEANING	CLAIM_25PN_QUAD_NARROWING	conditional_theorem_open_normalization	Physical ontology object grounded by this claim.
PHYS_OUTGOING_QUADRUPOLE_PORT	GROUNDS_PHYSICAL_MEANING	CLAIM_4PN_LOCAL_CLOSED_TAIL_CONDITIONAL	local_closed_tail_conditional	Physical ontology object grounded by this claim.
PHYS_OUTGOING_QUADRUPOLE_PORT	GROUNDS_PHYSICAL_MEANING	CLAIM_MIXED_SECTOR_MICROSCOPIC	exact_gauge_invariant_with_reduced_uses	Physical ontology object grounded by this claim.
PHYS_OUTGOING_QUADRUPOLE_PORT	GROUNDS_PHYSICAL_MEANING	CLAIM_PROJECTED_EM_OUTGOING_BRIDGE	exact_within_reduced_mixed_kernel	Physical ontology object grounded by this claim.
PHYS_OUTGOING_QUADRUPOLE_PORT	GROUNDS_PHYSICAL_MEANING	CLAIM_STAGE022_P0_TARGET	exact_within_grouped_bridge	Physical ontology object grounded by this claim.
PHYS_OUTGOING_QUADRUPOLE_PORT	GROUNDS_PHYSICAL_MEANING	CLAIM_STAGE025_031_SELECTED_BRANCH	exact_within_selected_reduced_branch	Physical ontology object grounded by this claim.
PHYS_OUTGOING_QUADRUPOLE_PORT	REQUIRES	OPEN_QUAD_NORMALIZATION	open	Outgoing port normalization must match universal quadrupole coefficient.
PHYS_REG_BRANCH_EXPORT	LINKS_TO	CLAIM_BRANCH_EXPORTER_REQUIRED	active	Physical register entry links to graph object.
PHYS_REG_BRANCH_EXPORT	LINKS_TO	OPEN_ACTUAL_BRANCH_EXPORTER	active	Physical register entry links to graph object.
PHYS_REG_BRANCH_EXPORT	LINKS_TO	PHYS_BRANCH_EXPORTER	active	Physical register entry links to graph object.
PHYS_REG_CHARGE_EM	LINKS_TO	CLAIM_CHARGE_ONTOLOGY_FIREWALL	active	Physical register entry links to graph object.
PHYS_REG_CHARGE_EM	LINKS_TO	MATH_QSTAR_QEFF	active	Physical register entry links to graph object.
PHYS_REG_CHARGE_EM	LINKS_TO	PHYS_CHARGE_BRANCH	active	Physical register entry links to graph object.
PHYS_REG_CHARGE_EM	LINKS_TO	PHYS_MIXED_EM_CORE	active	Physical register entry links to graph object.
PHYS_REG_OBSERVER_PROJECTION	LINKS_TO	CLAIM_PROJECTION_OPEN_BRANE_SYSTEM	active	Physical register entry links to graph object.
PHYS_REG_OBSERVER_PROJECTION	LINKS_TO	MATH_W_PROJECTION	active	Physical register entry links to graph object.
PHYS_REG_OBSERVER_PROJECTION	LINKS_TO	PHYS_BRANE_OBSERVER	active	Physical register entry links to graph object.
PHYS_REG_OUTGOING_PORT	LINKS_TO	CLAIM_STAGE022_P0_TARGET	active	Physical register entry links to graph object.
PHYS_REG_OUTGOING_PORT	LINKS_TO	MATH_COMPACT_L2_OUTGOING_FINGERPRINT	active	Physical register entry links to graph object.
PHYS_REG_OUTGOING_PORT	LINKS_TO	PHYS_OUTGOING_QUADRUPOLE_PORT	active	Physical register entry links to graph object.
PHYS_REG_P2_QUAD	LINKS_TO	CLAIM_STAGE024_O3_ISOTROPY	active	Physical register entry links to graph object.
PHYS_REG_P2_QUAD	LINKS_TO	MATH_STF_SOURCE_MAP	active	Physical register entry links to graph object.
PHYS_REG_P2_QUAD	LINKS_TO	PHYS_GROUPED_P2_SHAPE_RESPONSE	active	Physical register entry links to graph object.
PHYS_REG_PARTICLE_THROAT	LINKS_TO	CLAIM_STAGE1_GEOMETRY_LIFT	active	Physical register entry links to graph object.
PHYS_REG_PARTICLE_THROAT	LINKS_TO	MATH_SIGMA_R_FIELD	active	Physical register entry links to graph object.
PHYS_REG_PARTICLE_THROAT	LINKS_TO	PHYS_BRANE_BULK_THROAT_DEFECT	active	Physical register entry links to graph object.
PHYS_RESPONSE_READOUTS	GROUNDS_PHYSICAL_MEANING	CLAIM_5PN_FULL_BUNDLE_SURFACE	exact_within_reduced_bundle_open_branch	Physical ontology object grounded by this claim.
PHYS_RESPONSE_READOUTS	GROUNDS_PHYSICAL_MEANING	CLAIM_G2_COMMON_QUOTIENT	conditional_reduced_residual	Physical ontology object grounded by this claim.
PHYS_RESPONSE_READOUTS	GROUNDS_PHYSICAL_MEANING	CLAIM_PACKET_A_PACKET_B_SPLIT	open_branch_packets	Physical ontology object grounded by this claim.
PHYS_RESPONSE_READOUTS	GROUNDS_PHYSICAL_MEANING	CLAIM_PARENT_WALL_STATUS_SPLIT	strict_parent_fail_effective_wall_pass	Physical ontology object grounded by this claim.
PHYS_RESPONSE_READOUTS	GROUNDS_PHYSICAL_MEANING	CLAIM_RESPONSE_READOUT_DISCIPLINE	paper_facing_ontology_discipline	Physical ontology object grounded by this claim.
PHYS_RESPONSE_READOUTS	GROUNDS_PHYSICAL_MEANING	CLAIM_STAGE022_P0_TARGET	exact_within_grouped_bridge	Physical ontology object grounded by this claim.
PHYS_RESPONSE_READOUTS	GROUNDS_PHYSICAL_MEANING	CLAIM_STAGE023_FULL_BUNDLE_RATIO	exact_within_reduced_bundle	Physical ontology object grounded by this claim.
PHYS_RESPONSE_READOUTS	INTERPRETS	READOUT_D0_C_P0_N2_N4	status	Low-order readouts are compressed projected quantities, not the object.
PHYS_SUPERFLUID_INTAKE_OUTPUT	GROUNDS_PHYSICAL_MEANING	CLAIM_PROJECTION_OPEN_BRANE_SYSTEM	exact_projection_plus_controlled_hook	Physical ontology object grounded by this claim.
PHYS_SUPERFLUID_INTAKE_OUTPUT	FEEDS	PHYS_BRANCH_EXPORTER	open	Open-system flux and support data must be exported to response packets.
PHYS_SUPERFLUID_MEDIUM	GROUNDS_PHYSICAL_MEANING	CLAIM_PARENT_ACTION_CURRENT_EXACT	exact_parent_current	Physical ontology object grounded by this claim.
PHYS_SUPERFLUID_MEDIUM	REPRESENTED_BY	MATH_GNLS_PSI	exact	Superfluid medium represented by gauged GNLS field and density/current.
PHYS_TARGET_BLIND_BRANCH_SELECTION	GROUNDS_PHYSICAL_MEANING	CLAIM_BRANCH_EXPORTER_REQUIRED	open_actual_branch	Physical ontology object grounded by this claim.
PHYS_TARGET_BLIND_BRANCH_SELECTION	IMPLEMENTS	MT_V2_16_NO_REFIT	mandatory	No-refit protocol enforces target-blind branch freezing.
PHYS_TARGET_BLIND_BRANCH_SELECTION	GOVERNS	OPEN_ACTUAL_BRANCH_EXPORTER	mandatory	Exporter must be frozen before comparing to target packets.
PN_0_NEWTONIAN_HOOK	FEEDS	PN_1_EIH_FULL	closure	Newtonian backbone plus closures feeds 1PN EIH assembly.
PN_1_EIH_FULL	FEEDS	PN_2_ADM_FULL	closure	1PN ledger carried into 2PN ADM assembly.
PN_1_EIH_FULL	FEEDS	PN_2_ADM_FULL	derivation	2PN assembly imports 1PN closure hierarchy and EIH ledger.
PN_2_5_QUAD_NARROWING	OPENS_GATE	OPEN_QUAD_NORMALIZATION	open	Surviving universal branch needs passive/outgoing normalization.
PN_2_5_QUAD_NARROWING	REQUIRES	OPEN_QUAD_NORMALIZATION	open	Final 2.5PN theorem remains conditional on quadrupole normalization.
PN_2_5_QUAD_NARROWING	FEEDS	PN_3_GROUPED_P2_FULL	derivation	2.5PN identifies grouped real P2 as higher-order payload.
PN_2_5_QUAD_NARROWING	FEEDS	PN_3_GROUPED_P2_FULL	closure	Grouped real P2 bundle becomes 3PN conservative payload.
PN_2_5_QUAD_NARROWING	FEEDS	PN_4_LOCAL_TAIL	conditional	Same quadrupole normalization controls 4PN tail bridge.
PN_2_ADM_FULL	FEEDS	PN_2_5_QUAD_NARROWING	derivation	2PN P0/P2 mouth/support structure feeds 2.5PN quadrupole narrowing.
PN_2_ADM_FULL	FEEDS	PN_2_5_QUAD_NARROWING	conditional	2PN P0⊕P2 throat response sets up quadrupole narrowing.
PN_3_GROUPED_P2_FULL	FEEDS	PN_4_LOCAL_TAIL	derivation	3PN grouped P2 closure feeds 4PN local/tail interface.
PN_3_GROUPED_P2_FULL	FEEDS	PN_4_LOCAL_TAIL	closure	Lower conservative ledger carried into local 4PN assembly.
PN_4_LOCAL_TAIL	INHERITS_GATE	OPEN_QUAD_NORMALIZATION	open	Full 4PN theorem inherits same quadrupole normalization condition.
PN_4_LOCAL_TAIL	REQUIRES	OPEN_QUAD_NORMALIZATION	open	4PN tail theorem inherits same quadrupole normalization gap.
PN_4_LOCAL_TAIL	CONTINUES_TO	PN_5_FULL_BUNDLE_SURFACE	reduced	Later full-bundle target surface and weak-axisymmetric packet.
PN_4_LOCAL_TAIL	FEEDS	PN_5_FULL_BUNDLE_SURFACE	derivation	4PN tail interface motivates 5PN/full-bundle continuation.
PN_5_FULL_BUNDLE_SURFACE	USES	MATH_MONOMIAL_QUOTIENT	reduced	5PN weak-axisymmetric transport uses monomial quotient/orbit-lock machinery.
PN_5_FULL_BUNDLE_SURFACE	REQUIRES	OPEN_N2_N4_MOMENT_SHAPE	open	Higher-order full-bundle surface needs outgoing moment-shape control.
READOUT_D0_C_P0_N2_N4	CONSTRAINED_BY	MT_V2_28_ONTOLOGY_CHECKLIST	status	Checklist warns readouts are not physical ontology variables.
READOUT_D0_C_P0_N2_N4	NOT_EQUAL_TO	PHYS_BRANE_BULK_THROAT_DEFECT	firewall	Readout packet is not a full physical description of the throat.
STATUS_LADDER_EXACT_TO_OPEN	CLASSIFIES	CLAIM_1PN_EIH_WITHIN_HIERARCHY	exact_assembly_within_closure	Claim class: exact_within_closure
STATUS_LADDER_EXACT_TO_OPEN	CLASSIFIES	CLAIM_25PN_QUAD_NARROWING	conditional_theorem_open_normalization	Claim class: conditional_theorem
STATUS_LADDER_EXACT_TO_OPEN	CLASSIFIES	CLAIM_2PN_ADM_WITHIN_HIERARCHY	exact_assembly_within_closure	Claim class: exact_within_closure
STATUS_LADDER_EXACT_TO_OPEN	CLASSIFIES	CLAIM_3PN_GROUPED_P2_WITHIN_HIERARCHY	exact_assembly_within_closure	Claim class: exact_within_closure
STATUS_LADDER_EXACT_TO_OPEN	CLASSIFIES	CLAIM_4PN_LOCAL_CLOSED_TAIL_CONDITIONAL	local_closed_tail_conditional	Claim class: exact_within_closure_plus_open_gate
STATUS_LADDER_EXACT_TO_OPEN	CLASSIFIES	CLAIM_5PN_FULL_BUNDLE_SURFACE	exact_within_reduced_bundle_open_branch	Claim class: exact_within_closure_plus_open_gate
STATUS_LADDER_EXACT_TO_OPEN	CLASSIFIES	CLAIM_ATOMIC_HYDROGEN_ZERO_MODE	reduced_sector_consequence	Claim class: reduced_sector_consequence
STATUS_LADDER_EXACT_TO_OPEN	CLASSIFIES	CLAIM_BRANCH_EXPORTER_REQUIRED	open_actual_branch	Claim class: open_gate
STATUS_LADDER_EXACT_TO_OPEN	CLASSIFIES	CLAIM_CHARGE_ONTOLOGY_FIREWALL	exact_bookkeeping_firewall	Claim class: exact
STATUS_LADDER_EXACT_TO_OPEN	CLASSIFIES	CLAIM_G2_COMMON_QUOTIENT	conditional_reduced_residual	Claim class: reduced_sector_consequence
STATUS_LADDER_EXACT_TO_OPEN	CLASSIFIES	CLAIM_LEPTON_HALF_INTEGER_CONDITIONAL	conditional_open	Claim class: conditional_theorem
STATUS_LADDER_EXACT_TO_OPEN	CLASSIFIES	CLAIM_LEPTON_MASS_REDUCED_LEDGER	reduced_closure_theorem_open_scale	Claim class: reduced_sector_consequence
STATUS_LADDER_EXACT_TO_OPEN	CLASSIFIES	CLAIM_MATERIAL_CLOSURE_GAP	open	Claim class: open_gate
STATUS_LADDER_EXACT_TO_OPEN	CLASSIFIES	CLAIM_MAXWELL_GAUGE_LOCALIZATION_PATCH	safe_interpretation_or_structural_patch	Claim class: patched_required
STATUS_LADDER_EXACT_TO_OPEN	CLASSIFIES	CLAIM_MIXED_RECIRCULATION_OPEN	open	Claim class: open_gate
STATUS_LADDER_EXACT_TO_OPEN	CLASSIFIES	CLAIM_MIXED_SECTOR_MICROSCOPIC	exact_gauge_invariant_with_reduced_uses	Claim class: exact_plus_reduced_use
STATUS_LADDER_EXACT_TO_OPEN	CLASSIFIES	CLAIM_PACKET_A_PACKET_B_SPLIT	open_branch_packets	Claim class: open_gate
STATUS_LADDER_EXACT_TO_OPEN	CLASSIFIES	CLAIM_PARENT_ACTION_CURRENT_EXACT	exact_parent_current	Claim class: exact
STATUS_LADDER_EXACT_TO_OPEN	CLASSIFIES	CLAIM_PARENT_WALL_STATUS_SPLIT	strict_parent_fail_effective_wall_pass	Claim class: patched_required
STATUS_LADDER_EXACT_TO_OPEN	CLASSIFIES	CLAIM_PROJECTION_OPEN_BRANE_SYSTEM	exact_projection_plus_controlled_hook	Claim class: exact_and_controlled_reduction
STATUS_LADDER_EXACT_TO_OPEN	CLASSIFIES	CLAIM_RESPONSE_READOUT_DISCIPLINE	paper_facing_ontology_discipline	Claim class: status_audit
STATUS_LADDER_EXACT_TO_OPEN	CLASSIFIES	CLAIM_STAGE1_GEOMETRY_LIFT	effective_geometry_lift	Claim class: effective_closure
STATUS_LADDER_EXACT_TO_OPEN	CLASSIFIES	CLAIM_STAGE2_AL_RECOVERY	exact_within_wall_action	Claim class: exact_within_closure
STATUS_LADDER_EXACT_TO_OPEN	CLASSIFIES	CLAIM_STAGE3_BDG_SCHUR	exact_within_reduced_stable_modes	Claim class: exact_within_closure
STATUS_LADDER_EXACT_TO_OPEN	CLASSIFIES	CLAIM_PROJECTED_EM_OUTGOING_BRIDGE	exact_within_reduced_mixed_kernel	Claim class: exact_within_closure
STATUS_LADDER_EXACT_TO_OPEN	CLASSIFIES	CLAIM_STAGE022_P0_TARGET	exact_within_grouped_bridge	Claim class: exact_within_closure
STATUS_LADDER_EXACT_TO_OPEN	CLASSIFIES	CLAIM_STAGE023_FULL_BUNDLE_RATIO	exact_within_reduced_bundle	Claim class: exact_within_closure
STATUS_LADDER_EXACT_TO_OPEN	CLASSIFIES	CLAIM_STAGE024_O3_ISOTROPY	exact_angular_reduced	Claim class: exact_within_closure
STATUS_LADDER_EXACT_TO_OPEN	CLASSIFIES	CLAIM_STAGE025_031_SELECTED_BRANCH	exact_within_selected_reduced_branch	Claim class: exact_within_closure
STATUS_LADDER_EXACT_TO_OPEN	CLASSIFIES	CLAIM_ZERO_MODE_MAXWELL_REDUCTION	controlled_reduction	Claim class: controlled_reduction
TARGET_PACKET_A	USES	READOUT_D0_C_P0_N2_N4	target	Packet A is evaluated through reduced response readouts.
VIEW_CLAIM_LAYER	CONTAINS_CLAIM	CLAIM_1PN_EIH_WITHIN_HIERARCHY	active	v0.4 claim/theorem layer item.
VIEW_CLAIM_LAYER	CONTAINS_CLAIM	CLAIM_25PN_QUAD_NARROWING	active	v0.4 claim/theorem layer item.
VIEW_CLAIM_LAYER	CONTAINS_CLAIM	CLAIM_2PN_ADM_WITHIN_HIERARCHY	active	v0.4 claim/theorem layer item.
VIEW_CLAIM_LAYER	CONTAINS_CLAIM	CLAIM_3PN_GROUPED_P2_WITHIN_HIERARCHY	active	v0.4 claim/theorem layer item.
VIEW_CLAIM_LAYER	CONTAINS_CLAIM	CLAIM_4PN_LOCAL_CLOSED_TAIL_CONDITIONAL	active	v0.4 claim/theorem layer item.
VIEW_CLAIM_LAYER	CONTAINS_CLAIM	CLAIM_5PN_FULL_BUNDLE_SURFACE	active	v0.4 claim/theorem layer item.
VIEW_CLAIM_LAYER	CONTAINS_CLAIM	CLAIM_ATOMIC_HYDROGEN_ZERO_MODE	active	v0.4 claim/theorem layer item.
VIEW_CLAIM_LAYER	CONTAINS_CLAIM	CLAIM_BRANCH_EXPORTER_REQUIRED	active	v0.4 claim/theorem layer item.
VIEW_CLAIM_LAYER	CONTAINS_CLAIM	CLAIM_CHARGE_ONTOLOGY_FIREWALL	active	v0.4 claim/theorem layer item.
VIEW_CLAIM_LAYER	CONTAINS_CLAIM	CLAIM_G2_COMMON_QUOTIENT	active	v0.4 claim/theorem layer item.
VIEW_CLAIM_LAYER	CONTAINS_CLAIM	CLAIM_LEPTON_HALF_INTEGER_CONDITIONAL	active	v0.4 claim/theorem layer item.
VIEW_CLAIM_LAYER	CONTAINS_CLAIM	CLAIM_LEPTON_MASS_REDUCED_LEDGER	active	v0.4 claim/theorem layer item.
VIEW_CLAIM_LAYER	CONTAINS_CLAIM	CLAIM_MATERIAL_CLOSURE_GAP	active	v0.4 claim/theorem layer item.
VIEW_CLAIM_LAYER	CONTAINS_CLAIM	CLAIM_MAXWELL_GAUGE_LOCALIZATION_PATCH	active	v0.4 claim/theorem layer item.
VIEW_CLAIM_LAYER	CONTAINS_CLAIM	CLAIM_MIXED_RECIRCULATION_OPEN	active	v0.4 claim/theorem layer item.
VIEW_CLAIM_LAYER	CONTAINS_CLAIM	CLAIM_MIXED_SECTOR_MICROSCOPIC	active	v0.4 claim/theorem layer item.
VIEW_CLAIM_LAYER	CONTAINS_CLAIM	CLAIM_PACKET_A_PACKET_B_SPLIT	active	v0.4 claim/theorem layer item.
VIEW_CLAIM_LAYER	CONTAINS_CLAIM	CLAIM_PARENT_ACTION_CURRENT_EXACT	active	v0.4 claim/theorem layer item.
VIEW_CLAIM_LAYER	CONTAINS_CLAIM	CLAIM_PARENT_WALL_STATUS_SPLIT	active	v0.4 claim/theorem layer item.
VIEW_CLAIM_LAYER	CONTAINS_CLAIM	CLAIM_PROJECTION_OPEN_BRANE_SYSTEM	active	v0.4 claim/theorem layer item.
VIEW_CLAIM_LAYER	CONTAINS_CLAIM	CLAIM_RESPONSE_READOUT_DISCIPLINE	active	v0.4 claim/theorem layer item.
VIEW_CLAIM_LAYER	CONTAINS_CLAIM	CLAIM_STAGE1_GEOMETRY_LIFT	active	v0.4 claim/theorem layer item.
VIEW_CLAIM_LAYER	CONTAINS_CLAIM	CLAIM_STAGE2_AL_RECOVERY	active	v0.4 claim/theorem layer item.
VIEW_CLAIM_LAYER	CONTAINS_CLAIM	CLAIM_STAGE3_BDG_SCHUR	active	v0.4 claim/theorem layer item.
VIEW_CLAIM_LAYER	CONTAINS_CLAIM	CLAIM_PROJECTED_EM_OUTGOING_BRIDGE	active	v0.4 claim/theorem layer item.
VIEW_CLAIM_LAYER	CONTAINS_CLAIM	CLAIM_STAGE022_P0_TARGET	active	v0.4 claim/theorem layer item.
VIEW_CLAIM_LAYER	CONTAINS_CLAIM	CLAIM_STAGE023_FULL_BUNDLE_RATIO	active	v0.4 claim/theorem layer item.
VIEW_CLAIM_LAYER	CONTAINS_CLAIM	CLAIM_STAGE024_O3_ISOTROPY	active	v0.4 claim/theorem layer item.
VIEW_CLAIM_LAYER	CONTAINS_CLAIM	CLAIM_STAGE025_031_SELECTED_BRANCH	active	v0.4 claim/theorem layer item.
VIEW_CLAIM_LAYER	CONTAINS_CLAIM	CLAIM_ZERO_MODE_MAXWELL_REDUCTION	active	v0.4 claim/theorem layer item.
VIEW_CLAIM_LAYER	FEEDS	VIEW_EXTENSION_WORKBENCH	active	Future derivation extensions start by selecting claim nodes and traversing their dependencies.
VIEW_EXTENSION_WORKBENCH	USES_REGISTER	PHYS_REG_BRANCH_EXPORT	active	Physical register for extension workflow.
VIEW_EXTENSION_WORKBENCH	USES_REGISTER	PHYS_REG_CHARGE_EM	active	Physical register for extension workflow.
VIEW_EXTENSION_WORKBENCH	USES_REGISTER	PHYS_REG_OBSERVER_PROJECTION	active	Physical register for extension workflow.
VIEW_EXTENSION_WORKBENCH	USES_REGISTER	PHYS_REG_OUTGOING_PORT	active	Physical register for extension workflow.
VIEW_EXTENSION_WORKBENCH	USES_REGISTER	PHYS_REG_P2_QUAD	active	Physical register for extension workflow.
VIEW_EXTENSION_WORKBENCH	USES_REGISTER	PHYS_REG_PARTICLE_THROAT	active	Physical register for extension workflow.
VIEW_EXTENSION_WORKBENCH	CONTAINS_STEP	WORKFLOW_STEP_1_PHYSICAL_OBJECT	active	Future extension workflow step.
VIEW_EXTENSION_WORKBENCH	CONTAINS_STEP	WORKFLOW_STEP_2_MATH_REPRESENTATION	active	Future extension workflow step.
VIEW_EXTENSION_WORKBENCH	CONTAINS_STEP	WORKFLOW_STEP_3_STATUS_CHECK	active	Future extension workflow step.
VIEW_EXTENSION_WORKBENCH	CONTAINS_STEP	WORKFLOW_STEP_4_OPEN_GATES	active	Future extension workflow step.
VIEW_EXTENSION_WORKBENCH	CONTAINS_STEP	WORKFLOW_STEP_5_ADD_CLAIM	active	Future extension workflow step.
WORKFLOW_STEP_1_PHYSICAL_OBJECT	MAY_START_WITH	PHYS_REG_PARTICLE_THROAT	active	Example physical register.
WORKFLOW_STEP_1_PHYSICAL_OBJECT	NEXT_STEP	WORKFLOW_STEP_2_MATH_REPRESENTATION	active	Extension workflow order.
WORKFLOW_STEP_2_MATH_REPRESENTATION	NEXT_STEP	WORKFLOW_STEP_3_STATUS_CHECK	active	Extension workflow order.
WORKFLOW_STEP_3_STATUS_CHECK	USES	STATUS_LADDER_EXACT_TO_OPEN	active	Status taxonomy prevents false upgrades.
WORKFLOW_STEP_3_STATUS_CHECK	NEXT_STEP	WORKFLOW_STEP_4_OPEN_GATES	active	Extension workflow order.
WORKFLOW_STEP_4_OPEN_GATES	CHECKS	OPEN_ACTUAL_BRANCH_EXPORTER	active	Major gate for moving-throat extensions.
WORKFLOW_STEP_4_OPEN_GATES	NEXT_STEP	WORKFLOW_STEP_5_ADD_CLAIM	active	Extension workflow order.
FILE_4D_PARENT	HAS_SECTION_ANCHOR	SEC_4D_PARENT_ACTION	v05	4d_summary.md:164 — 4) Full model specification (the action)
SEC_4D_PARENT_ACTION	ANCHORS_CLAIM_SECTION	CLAIM_PARENT_ACTION_CURRENT_EXACT	v05	Parent action and sectors.
FILE_4D_PARENT	HAS_SECTION_ANCHOR	SEC_4D_EXACT_EQUATIONS	v05	4d_summary.md:264 — 5) Exact Euler–Lagrange equations and hydrodynamic identities
SEC_4D_EXACT_EQUATIONS	ANCHORS_CLAIM_SECTION	CLAIM_PARENT_ACTION_CURRENT_EXACT	v05	Exact E-L and hydrodynamic identities.
FILE_4D_PARENT	HAS_SECTION_ANCHOR	SEC_4D_PROJECTION_REDUCTION	v05	4d_summary.md:136 — 3) Critical distinction: “projection” vs “reduction”
SEC_4D_PROJECTION_REDUCTION	ANCHORS_CLAIM_SECTION	CLAIM_PROJECTION_OPEN_BRANE_SYSTEM	v05	Projection vs reduction firewall.
FILE_4D_PARENT	HAS_SECTION_ANCHOR	SEC_4D_PROJECTED_CONTINUITY	v05	4d_summary.md:394 — 6.2 Projected continuity with leakage (exact)
SEC_4D_PROJECTED_CONTINUITY	ANCHORS_CLAIM_SECTION	CLAIM_PROJECTION_OPEN_BRANE_SYSTEM	v05	Exact leakage identity.
FILE_4D_PARENT	HAS_SECTION_ANCHOR	SEC_4D_POISSON_HOOK	v05	4d_summary.md:422 — 7) Longitudinal identity and the “Poisson hook”
SEC_4D_POISSON_HOOK	ANCHORS_CLAIM_SECTION	CLAIM_PROJECTION_OPEN_BRANE_SYSTEM	v05	Poisson hook from longitudinal identity.
FILE_4D_PARENT	HAS_SECTION_ANCHOR	SEC_4D_ZERO_MODE_MAXWELL	v05	4d_summary.md:478 — 8) Controlled EM localization reduction to an effective brane Maxwell theory
SEC_4D_ZERO_MODE_MAXWELL	ANCHORS_CLAIM_SECTION	CLAIM_ZERO_MODE_MAXWELL_REDUCTION	v05	Controlled EM zero-mode reduction.
FILE_4D_PARENT	HAS_SECTION_ANCHOR	SEC_4D_CHARGE_BOOKKEEPING	v05	4d_summary.md:106 — Minimal coupling (covariant derivatives)
SEC_4D_CHARGE_BOOKKEEPING	ANCHORS_CLAIM_SECTION	CLAIM_CHARGE_ONTOLOGY_FIREWALL	v05	q-star/effective charge notation.
FILE_EM_FIELDS	HAS_SECTION_ANCHOR	SEC_EM_CHARGE_ONTOLOGY	v05	4d_em_fields_summary.md:11 — 1.1 Charge ontology update
SEC_EM_CHARGE_ONTOLOGY	ANCHORS_CLAIM_SECTION	CLAIM_CHARGE_ONTOLOGY_FIREWALL	v05	Charge sign and q_eff update.
FILE_EM_FIELDS	HAS_SECTION_ANCHOR	SEC_EM_LOCALIZED_ACTION	v05	4d_em_fields_summary.md:192 — 3) Full localized 4+1 Maxwell sector (the action)
SEC_EM_LOCALIZED_ACTION	ANCHORS_CLAIM_SECTION	CLAIM_PARENT_ACTION_CURRENT_EXACT	v05	Maxwell action anchor.
SEC_EM_LOCALIZED_ACTION	ANCHORS_CLAIM_SECTION	CLAIM_ZERO_MODE_MAXWELL_REDUCTION	v05	Maxwell action anchor.
FILE_EM_FIELDS	HAS_SECTION_ANCHOR	SEC_EM_BULK_EQUATIONS	v05	4d_em_fields_summary.md:216 — 4.1 Bulk Maxwell equations (with localization + gauge fixing)
SEC_EM_BULK_EQUATIONS	ANCHORS_CLAIM_SECTION	CLAIM_PARENT_ACTION_CURRENT_EXACT	v05	Localized Maxwell E-L.
FILE_EM_FIELDS	HAS_SECTION_ANCHOR	SEC_EM_ZERO_MODE	v05	4d_em_fields_summary.md:384 — 6.4 Zero-mode (Maxwell) limit and \(\mu_0^{\rm eff}\)
SEC_EM_ZERO_MODE	ANCHORS_CLAIM_SECTION	CLAIM_ZERO_MODE_MAXWELL_REDUCTION	v05	Zero-mode Maxwell limit.
FILE_EM_FIELDS	HAS_SECTION_ANCHOR	SEC_EM_QEFF	v05	4d_em_fields_summary.md:418 — 6.5 Canonical normalization and thickness-controlled charge strength
SEC_EM_QEFF	ANCHORS_CLAIM_SECTION	CLAIM_CHARGE_ONTOLOGY_FIREWALL	v05	Thickness-controlled charge.
SEC_EM_QEFF	ANCHORS_CLAIM_SECTION	CLAIM_ZERO_MODE_MAXWELL_REDUCTION	v05	Thickness-controlled charge.
FILE_EM_FIELDS	HAS_SECTION_ANCHOR	SEC_EM_DEVIATIONS	v05	4d_em_fields_summary.md:456 — 6.7 What causes deviations from 3+1 Maxwell?
SEC_EM_DEVIATIONS	ANCHORS_CLAIM_SECTION	CLAIM_MIXED_SECTOR_MICROSCOPIC	v05	Mixed/KK deviations from 3+1 Maxwell.
FILE_PLASMA	HAS_SECTION_ANCHOR	SEC_PLASMA_Z_VS_W	v05	4d_plasma_summary.md:80 — 3) Localization vs projection (two distinct kernels)
SEC_PLASMA_Z_VS_W	ANCHORS_CLAIM_SECTION	CLAIM_PROJECTION_OPEN_BRANE_SYSTEM	v05	Z controls action; W controls observation.
SEC_PLASMA_Z_VS_W	ANCHORS_CLAIM_SECTION	CLAIM_ZERO_MODE_MAXWELL_REDUCTION	v05	Z controls action; W controls observation.
FILE_PLASMA	HAS_SECTION_ANCHOR	SEC_PLASMA_MIXED_FIELDS	v05	4d_plasma_summary.md:135 — Mixed-sector fields (absent in strict 3+1 Maxwell)
SEC_PLASMA_MIXED_FIELDS	ANCHORS_CLAIM_SECTION	CLAIM_MIXED_SECTOR_MICROSCOPIC	v05	E_w and C_a definitions.
FILE_PLASMA	HAS_SECTION_ANCHOR	SEC_PLASMA_LEAKAGE	v05	4d_plasma_summary.md:162 — 5) Exact projected balance laws and leakage (open-system brane identities)
SEC_PLASMA_LEAKAGE	ANCHORS_CLAIM_SECTION	CLAIM_PROJECTION_OPEN_BRANE_SYSTEM	v05	Open-system brane identities.
FILE_PLASMA	HAS_SECTION_ANCHOR	SEC_PLASMA_AW_ROLE	v05	4d_plasma_summary.md:216 — Physical role of \(A_w\)
SEC_PLASMA_AW_ROLE	ANCHORS_CLAIM_SECTION	CLAIM_MIXED_SECTOR_MICROSCOPIC	v05	A_w role in beyond-MHD channels.
FILE_1PN_FULL	HAS_SECTION_ANCHOR	SEC_1PN_TAXONOMY	v05	4d_1pn_full_summary.md:39 — 1) Claim taxonomy (important for later use)
SEC_1PN_TAXONOMY	ANCHORS_CLAIM_SECTION	CLAIM_1PN_EIH_WITHIN_HIERARCHY	v05	Claim status taxonomy.
FILE_1PN_FULL	HAS_SECTION_ANCHOR	SEC_1PN_HEADLINE	v05	4d_1pn_full_summary.md:88 — 2) Headline outputs / carry-forward constants
SEC_1PN_HEADLINE	ANCHORS_CLAIM_SECTION	CLAIM_1PN_EIH_WITHIN_HIERARCHY	v05	Carry-forward constants.
FILE_1PN_FULL	HAS_SECTION_ANCHOR	SEC_1PN_FULL_LAGRANGIAN	v05	4d_1pn_full_summary.md:1177 — 10) Full two-body 1PN Lagrangian and exact EIH match
SEC_1PN_FULL_LAGRANGIAN	ANCHORS_CLAIM_SECTION	CLAIM_1PN_EIH_WITHIN_HIERARCHY	v05	Final EIH match.
FILE_1PN_FULL	HAS_SECTION_ANCHOR	SEC_1PN_FIXED_SYMBOLIC	v05	4d_1pn_full_summary.md:1416 — 12) Fixed versus symbolic quantities
SEC_1PN_FIXED_SYMBOLIC	ANCHORS_CLAIM_SECTION	CLAIM_1PN_EIH_WITHIN_HIERARCHY	v05	Scope limits.
FILE_2PN_FULL	HAS_SECTION_ANCHOR	SEC_2PN_CLAIMS	v05	4d_2pn_summary.md:112 — 2) What the paper claims — and what it does not claim
SEC_2PN_CLAIMS	ANCHORS_CLAIM_SECTION	CLAIM_2PN_ADM_WITHIN_HIERARCHY	v05	2PN claims and non-claims.
FILE_2PN_FULL	HAS_SECTION_ANCHOR	SEC_2PN_MAIN_THEOREM	v05	4d_2pn_summary.md:346 — 4.7 Main theorem
SEC_2PN_MAIN_THEOREM	ANCHORS_CLAIM_SECTION	CLAIM_2PN_ADM_WITHIN_HIERARCHY	v05	2PN exact ADM match.
FILE_2PN_FULL	HAS_SECTION_ANCHOR	SEC_2PN_OPEN_DYNAMIC	v05	4d_2pn_summary.md:838 — 7.3 Still genuinely open
SEC_2PN_OPEN_DYNAMIC	ANCHORS_CLAIM_SECTION	CLAIM_2PN_ADM_WITHIN_HIERARCHY	v05	Open moving-throat dynamics.
FILE_2PN_FULL	HAS_SECTION_ANCHOR	SEC_2PN_P0P2_APPENDIX	v05	4d_2pn_summary.md:1276 — 8.7 \(P_0\oplus P_2\) mouth-port rebuild and support-minus-closure EFT appendix
SEC_2PN_P0P2_APPENDIX	ANCHORS_CLAIM_SECTION	CLAIM_2PN_ADM_WITHIN_HIERARCHY	v05	P0/P2 response structure.
SEC_2PN_P0P2_APPENDIX	ANCHORS_CLAIM_SECTION	CLAIM_3PN_GROUPED_P2_WITHIN_HIERARCHY	v05	P0/P2 response structure.
FILE_2_5PN	HAS_SECTION_ANCHOR	SEC_25PN_CLAIMS	v05	4d_2_5pn_summary.md:89 — 2) What this package claims — and what it does not claim
SEC_25PN_CLAIMS	ANCHORS_CLAIM_SECTION	CLAIM_25PN_QUAD_NARROWING	v05	2.5PN claims/non-claims.
FILE_2_5PN	HAS_SECTION_ANCHOR	SEC_25PN_QUAD_LEDGER	v05	4d_2_5pn_summary.md:348 — 4.5 Quadrupole structural ledger
SEC_25PN_QUAD_LEDGER	ANCHORS_CLAIM_SECTION	CLAIM_25PN_QUAD_NARROWING	v05	Surviving quadrupole branch.
FILE_2_5PN	HAS_SECTION_ANCHOR	SEC_25PN_NORM_STACK	v05	4d_2_5pn_summary.md:375 — 4.6 Quadrupole normalization stack
SEC_25PN_NORM_STACK	ANCHORS_CLAIM_SECTION	CLAIM_25PN_QUAD_NARROWING	v05	Passive/outgoing normalization.
SEC_25PN_NORM_STACK	ANCHORS_CLAIM_SECTION	CLAIM_STAGE022_P0_TARGET	v05	Passive/outgoing normalization.
FILE_2_5PN	HAS_SECTION_ANCHOR	SEC_25PN_STF_MAP	v05	4d_2_5pn_summary.md:190 — 3.5 Canonical orbital quadrupole and grouped \(P_2\) basis map
SEC_25PN_STF_MAP	ANCHORS_CLAIM_SECTION	CLAIM_25PN_QUAD_NARROWING	v05	STF/source map.
SEC_25PN_STF_MAP	ANCHORS_CLAIM_SECTION	CLAIM_STAGE024_O3_ISOTROPY	v05	STF/source map.
FILE_2_5PN	HAS_SECTION_ANCHOR	SEC_25PN_OPEN	v05	4d_2_5pn_summary.md:727 — 7.3 Still genuinely open
SEC_25PN_OPEN	ANCHORS_CLAIM_SECTION	OPEN_QUAD_NORMALIZATION	v05	Remaining narrow gap.
SEC_25PN_OPEN	ANCHORS_CLAIM_SECTION	CLAIM_25PN_QUAD_NARROWING	v05	Remaining narrow gap.
FILE_3PN_FULL	HAS_SECTION_ANCHOR	SEC_3PN_GROUPED_MODULE	v05	4d_3pn_summary.md:191 — 3.2 Why the 2.5PN notes narrow the next conservative target to the grouped real \(P_2\) bundle
SEC_3PN_GROUPED_MODULE	ANCHORS_CLAIM_SECTION	CLAIM_3PN_GROUPED_P2_WITHIN_HIERARCHY	v05	Grouped real P2 module.
FILE_3PN_FULL	HAS_SECTION_ANCHOR	SEC_3PN_MAIN_THEOREM	v05	4d_3pn_summary.md:870 — 9) Final conservative 3PN theorem
SEC_3PN_MAIN_THEOREM	ANCHORS_CLAIM_SECTION	CLAIM_3PN_GROUPED_P2_WITHIN_HIERARCHY	v05	3PN exact assembly.
FILE_3PN_FULL	HAS_SECTION_ANCHOR	SEC_3PN_INTERFACE	v05	4d_3pn_summary.md:926 — 10) Interface to the 2.5PN program
SEC_3PN_INTERFACE	ANCHORS_CLAIM_SECTION	CLAIM_3PN_GROUPED_P2_WITHIN_HIERARCHY	v05	Interface to outgoing bridge.
SEC_3PN_INTERFACE	ANCHORS_CLAIM_SECTION	CLAIM_25PN_QUAD_NARROWING	v05	Interface to outgoing bridge.
FILE_4PN_FULL	HAS_SECTION_ANCHOR	SEC_4PN_TAIL_BRIDGE	v05	4d_4pn_summary.md:741 — 6) Tail / hereditary 4PN bridge
SEC_4PN_TAIL_BRIDGE	ANCHORS_CLAIM_SECTION	CLAIM_4PN_LOCAL_CLOSED_TAIL_CONDITIONAL	v05	4PN tail interface.
FILE_4PN_FULL	HAS_SECTION_ANCHOR	SEC_4PN_NO_NEW_GAP	v05	4d_4pn_summary.md:769 — 6.4 No new 4PN-specific normalization gap
SEC_4PN_NO_NEW_GAP	ANCHORS_CLAIM_SECTION	CLAIM_4PN_LOCAL_CLOSED_TAIL_CONDITIONAL	v05	4PN inherits 2.5PN normalization.
SEC_4PN_NO_NEW_GAP	ANCHORS_CLAIM_SECTION	OPEN_QUAD_NORMALIZATION	v05	4PN inherits 2.5PN normalization.
FILE_4PN_FULL	HAS_SECTION_ANCHOR	SEC_4PN_FINAL_THEOREM	v05	4d_4pn_summary.md:775 — 7) Final conditional conservative 4PN theorem
SEC_4PN_FINAL_THEOREM	ANCHORS_CLAIM_SECTION	CLAIM_4PN_LOCAL_CLOSED_TAIL_CONDITIONAL	v05	Final 4PN theorem split.
FILE_5PN_FULL	HAS_SECTION_ANCHOR	SEC_5PN_STAGE18_SURFACE	v05	5pn_notes_full.md:1030 — Stage 18 — exact isotropic full-bundle target surface
SEC_5PN_STAGE18_SURFACE	ANCHORS_CLAIM_SECTION	CLAIM_5PN_FULL_BUNDLE_SURFACE	v05	Exact isotropic full-bundle target surface.
SEC_5PN_STAGE18_SURFACE	ANCHORS_CLAIM_SECTION	CLAIM_STAGE023_FULL_BUNDLE_RATIO	v05	Exact isotropic full-bundle target surface.
FILE_5PN_FULL	HAS_SECTION_ANCHOR	SEC_5PN_STAGE11_MONOMIALS	v05	5pn_notes_full.md:493 — Stage 11 — direct microscopic monomials, similarity orbit, and quotient closure
SEC_5PN_STAGE11_MONOMIALS	ANCHORS_CLAIM_SECTION	CLAIM_G2_COMMON_QUOTIENT	v05	Monomial invariants and similarity-orbit closure.
SEC_5PN_STAGE11_MONOMIALS	ANCHORS_CLAIM_SECTION	OPEN_WEAK_AXISYM_ORBIT_LOCK	v05	Monomial invariants and similarity-orbit closure.
FILE_5PN_FULL	HAS_SECTION_ANCHOR	SEC_5PN_STAGE15_XI	v05	5pn_notes_full.md:890 — Stage 15 — the exact `Xi_load` bridge
SEC_5PN_STAGE15_XI	ANCHORS_CLAIM_SECTION	CLAIM_G2_COMMON_QUOTIENT	v05	Xi_load bridge to prefactor slope.
SEC_5PN_STAGE15_XI	ANCHORS_CLAIM_SECTION	CLAIM_5PN_FULL_BUNDLE_SURFACE	v05	Xi_load bridge to prefactor slope.
FILE_5PN_FULL	HAS_SECTION_ANCHOR	SEC_5PN_STAGE20_EVEN_GATES	v05	5pn_notes_full.md:1141 — Stage 20 — full even-gate solve on the constructive branch
SEC_5PN_STAGE20_EVEN_GATES	ANCHORS_CLAIM_SECTION	CLAIM_5PN_FULL_BUNDLE_SURFACE	v05	Full even-gate solve with reinstated Z-sector.
SEC_5PN_STAGE20_EVEN_GATES	ANCHORS_CLAIM_SECTION	OPEN_WEAK_AXISYM_ORBIT_LOCK	v05	Full even-gate solve with reinstated Z-sector.
FILE_5PN_FULL	HAS_SECTION_ANCHOR	SEC_5PN_STAGE24_26_PLACEMENT	v05	5pn_notes_full.md:1268 — Continuation past Stage 26: Stages 27–29
SEC_5PN_STAGE24_26_PLACEMENT	ANCHORS_CLAIM_SECTION	CLAIM_STAGE025_031_SELECTED_BRANCH	v05	Continuum-kernel extraction and placement map.
SEC_5PN_STAGE24_26_PLACEMENT	ANCHORS_CLAIM_SECTION	CLAIM_BRANCH_EXPORTER_REQUIRED	v05	Continuum-kernel extraction and placement map.
FILE_5PN_FULL	HAS_SECTION_ANCHOR	SEC_5PN_STAGE31_SUPPORT	v05	5pn_notes_full.md:1383 — Stage 31 — Support-compensation theorem
SEC_5PN_STAGE31_SUPPORT	ANCHORS_CLAIM_SECTION	CLAIM_STAGE025_031_SELECTED_BRANCH	v05	Support-compensation theorem.
FILE_MOVING_THROAT_COMPACT	HAS_SECTION_ANCHOR	SEC_MT_READING_RULES	v05	moving_throat_pde_program_compact.md:49 — 1. Reading Rules and Status Firewall
SEC_MT_READING_RULES	ANCHORS_CLAIM_SECTION	CLAIM_RESPONSE_READOUT_DISCIPLINE	v05	Status firewall.
SEC_MT_READING_RULES	ANCHORS_CLAIM_SECTION	CLAIM_BRANCH_EXPORTER_REQUIRED	v05	Status firewall.
FILE_MOVING_THROAT_COMPACT	HAS_SECTION_ANCHOR	SEC_MT_THEOREM_STATUS	v05	moving_throat_pde_program_compact.md:84 — 1.3 Present theorem-status summary
SEC_MT_THEOREM_STATUS	ANCHORS_CLAIM_SECTION	CLAIM_BRANCH_EXPORTER_REQUIRED	v05	Current bottleneck summary.
SEC_MT_THEOREM_STATUS	ANCHORS_CLAIM_SECTION	CLAIM_PACKET_A_PACKET_B_SPLIT	v05	Current bottleneck summary.
SEC_MT_THEOREM_STATUS	ANCHORS_CLAIM_SECTION	CLAIM_RESPONSE_READOUT_DISCIPLINE	v05	Current bottleneck summary.
FILE_MOVING_THROAT_COMPACT	HAS_SECTION_ANCHOR	SEC_MT_PARENT_FIELDS	v05	moving_throat_pde_program_compact.md:180 — 2. Parent Theory and Exact Bulk Equations
SEC_MT_PARENT_FIELDS	ANCHORS_CLAIM_SECTION	CLAIM_PARENT_ACTION_CURRENT_EXACT	v05	Parent/moving-throat fields.
SEC_MT_PARENT_FIELDS	ANCHORS_CLAIM_SECTION	CLAIM_STAGE1_GEOMETRY_LIFT	v05	Parent/moving-throat fields.
FILE_MOVING_THROAT_COMPACT	HAS_SECTION_ANCHOR	SEC_MT_MIXED_INVARIANTS	v05	moving_throat_pde_program_compact.md:483 — 2.5.6 Exact mixed-sector gauge invariants
SEC_MT_MIXED_INVARIANTS	ANCHORS_CLAIM_SECTION	CLAIM_MIXED_SECTOR_MICROSCOPIC	v05	Mixed fields and gauge invariance.
FILE_MOVING_THROAT_COMPACT	HAS_SECTION_ANCHOR	SEC_MT_PROJECTION_ZERO_MODE	v05	moving_throat_pde_program_compact.md:507 — 2.5.7 Cold-start projection and zero-mode reduction hooks
SEC_MT_PROJECTION_ZERO_MODE	ANCHORS_CLAIM_SECTION	CLAIM_PROJECTION_OPEN_BRANE_SYSTEM	v05	Projection and zero-mode hooks.
SEC_MT_PROJECTION_ZERO_MODE	ANCHORS_CLAIM_SECTION	CLAIM_ZERO_MODE_MAXWELL_REDUCTION	v05	Projection and zero-mode hooks.
FILE_PDE_AUDIT	HAS_SECTION_ANCHOR	SEC_PDE_PARENT_WALL_EXEC	v05	pde_audit_full.md:4 — Executive result
SEC_PDE_PARENT_WALL_EXEC	ANCHORS_CLAIM_SECTION	CLAIM_PARENT_WALL_STATUS_SPLIT	v05	Parent wall status split.
SEC_PDE_PARENT_WALL_EXEC	ANCHORS_CLAIM_SECTION	OPEN_PARENT_PROMOTION_S_SIGMA	v05	Parent wall status split.
FILE_PDE_AUDIT	HAS_SECTION_ANCHOR	SEC_PDE_WALL_VARIATION	v05	pde_audit_full.md:188 — 3. Variation after adding the quadratic wall action
SEC_PDE_WALL_VARIATION	ANCHORS_CLAIM_SECTION	CLAIM_STAGE2_AL_RECOVERY	v05	S_eta gives wall PDE.
SEC_PDE_WALL_VARIATION	ANCHORS_CLAIM_SECTION	CLAIM_PARENT_WALL_STATUS_SPLIT	v05	S_eta gives wall PDE.
FILE_PDE_AUDIT	HAS_SECTION_ANCHOR	SEC_PDE_MAXWELL_GAUGE	v05	pde_audit_full.md:523 — Stage V2-02 — Maxwell Gauge-Localization Audit
SEC_PDE_MAXWELL_GAUGE	ANCHORS_CLAIM_SECTION	CLAIM_MAXWELL_GAUGE_LOCALIZATION_PATCH	v05	Gauge localization audit.
FILE_PDE_AUDIT	HAS_SECTION_ANCHOR	SEC_PDE_MIXED_KERNEL	v05	pde_audit_full.md:2948 — Stage V2-09 — Maxwell/mixed-sector kernel audit
SEC_PDE_MIXED_KERNEL	ANCHORS_CLAIM_SECTION	CLAIM_PROJECTED_EM_OUTGOING_BRIDGE	v05	Mixed kernel audit.
SEC_PDE_MIXED_KERNEL	ANCHORS_CLAIM_SECTION	CLAIM_MIXED_SECTOR_MICROSCOPIC	v05	Mixed kernel audit.
FILE_PDE_AUDIT	HAS_SECTION_ANCHOR	SEC_PDE_P2_PROJECTORS	v05	pde_audit_full.md:2844 — 8. Grouped real \(P_2\) isotropy
SEC_PDE_P2_PROJECTORS	ANCHORS_CLAIM_SECTION	CLAIM_STAGE023_FULL_BUNDLE_RATIO	v05	Grouped P2 projectors.
SEC_PDE_P2_PROJECTORS	ANCHORS_CLAIM_SECTION	CLAIM_STAGE024_O3_ISOTROPY	v05	Grouped P2 projectors.
FILE_PDE_AUDIT	HAS_SECTION_ANCHOR	SEC_PDE_STF_SOURCE	v05	pde_audit_full.md:4432 — Stage V2-12 — STF Angular Source-Map Theorem
SEC_PDE_STF_SOURCE	ANCHORS_CLAIM_SECTION	CLAIM_STAGE024_O3_ISOTROPY	v05	STF angular source-map theorem.
FILE_PDE_AUDIT	HAS_SECTION_ANCHOR	SEC_PDE_NORM_RATIO	v05	pde_audit_full.md:4846 — Stage V2-13 — Grouped Normalization Ratio Audit
SEC_PDE_NORM_RATIO	ANCHORS_CLAIM_SECTION	CLAIM_STAGE022_P0_TARGET	v05	P0/N0/D0 normalization audit.
SEC_PDE_NORM_RATIO	ANCHORS_CLAIM_SECTION	CLAIM_STAGE023_FULL_BUNDLE_RATIO	v05	P0/N0/D0 normalization audit.
FILE_PDE_AUDIT	HAS_SECTION_ANCHOR	SEC_PDE_BRANCH_FREEZE	v05	pde_audit_full.md:5868 — Stage V2-16 — Branch-freeze / no-refit protocol
SEC_PDE_BRANCH_FREEZE	ANCHORS_CLAIM_SECTION	CLAIM_BRANCH_EXPORTER_REQUIRED	v05	No-refit branch freeze protocol.
SEC_PDE_BRANCH_FREEZE	ANCHORS_CLAIM_SECTION	CLAIM_PACKET_A_PACKET_B_SPLIT	v05	No-refit branch freeze protocol.
FILE_PDE_AUDIT	HAS_SECTION_ANCHOR	SEC_PDE_BDG_AUDIT	v05	pde_audit_full.md:2335 — Stage V2-08 — BdG–Wall Schur Complement and Stability/Softening Audit
SEC_PDE_BDG_AUDIT	ANCHORS_CLAIM_SECTION	CLAIM_STAGE3_BDG_SCHUR	v05	BdG-wall Schur complement and softening audit.
FILE_PDE_AUDIT	HAS_SECTION_ANCHOR	SEC_PDE_WEAK_FORM_EXPORTER	v05	pde_audit_full.md:7939 — Stage V2-20 — Weak-form and numerical branch-extraction preparation
SEC_PDE_WEAK_FORM_EXPORTER	ANCHORS_CLAIM_SECTION	CLAIM_STAGE025_031_SELECTED_BRANCH	v05	Weak-form branch extraction preparation.
SEC_PDE_WEAK_FORM_EXPORTER	ANCHORS_CLAIM_SECTION	CLAIM_BRANCH_EXPORTER_REQUIRED	v05	Weak-form branch extraction preparation.
SEC_PDE_WEAK_FORM_EXPORTER	ANCHORS_CLAIM_SECTION	OPEN_EXECUTABLE_BRANCH_SOLVER	v05	Weak-form branch extraction preparation.
FILE_PDE_AUDIT	HAS_SECTION_ANCHOR	SEC_PDE_BRANCH_FIXTURE	v05	pde_audit_full.md:8578 — Stage V2-21 — Branch-Extraction Fixture and Observable Packet
SEC_PDE_BRANCH_FIXTURE	ANCHORS_CLAIM_SECTION	CLAIM_STAGE025_031_SELECTED_BRANCH	v05	Observable packet fixture and extraction formulas.
SEC_PDE_BRANCH_FIXTURE	ANCHORS_CLAIM_SECTION	CLAIM_BRANCH_EXPORTER_REQUIRED	v05	Observable packet fixture and extraction formulas.
FILE_PDE_AUDIT	HAS_SECTION_ANCHOR	SEC_PDE_ACTUAL_BRANCH_PACKETS	v05	pde_audit_full.md:10750 — 4. Actual branch packets
SEC_PDE_ACTUAL_BRANCH_PACKETS	ANCHORS_CLAIM_SECTION	CLAIM_BRANCH_EXPORTER_REQUIRED	v05	Packet A/B actual branch protocol.
SEC_PDE_ACTUAL_BRANCH_PACKETS	ANCHORS_CLAIM_SECTION	CLAIM_PACKET_A_PACKET_B_SPLIT	v05	Packet A/B actual branch protocol.
SEC_PDE_ACTUAL_BRANCH_PACKETS	ANCHORS_CLAIM_SECTION	CLAIM_STAGE025_031_SELECTED_BRANCH	v05	Packet A/B actual branch protocol.
FILE_PDE_AUDIT	HAS_SECTION_ANCHOR	SEC_PDE_PHYSICAL_ONTOLOGY	v05	pde_audit_full.md:11885 — Stage V2-28 - Physical Picture and Ontology Checklist
SEC_PDE_PHYSICAL_ONTOLOGY	ANCHORS_CLAIM_SECTION	CLAIM_RESPONSE_READOUT_DISCIPLINE	v05	Physical picture and ontology checklist.
SEC_PDE_PHYSICAL_ONTOLOGY	ANCHORS_CLAIM_SECTION	CLAIM_BRANCH_EXPORTER_REQUIRED	v05	Physical picture and ontology checklist.
FILE_PDE_AUDIT	HAS_SECTION_ANCHOR	SEC_PDE_MATERIAL_GAP	v05	pde_audit_full.md:12301 — Stage V2-29 - Superfluid Material Closure Gap
SEC_PDE_MATERIAL_GAP	ANCHORS_CLAIM_SECTION	CLAIM_MATERIAL_CLOSURE_GAP	v05	Material closure gap.
SEC_PDE_MATERIAL_GAP	ANCHORS_CLAIM_SECTION	OPEN_MATERIAL_CLOSURE	v05	Material closure gap.
FILE_PDE_AUDIT	HAS_SECTION_ANCHOR	SEC_PDE_EM_STATUS	v05	pde_audit_full.md:12537 — Stage V2-30 - Electromagnetic Ontology and Status
SEC_PDE_EM_STATUS	ANCHORS_CLAIM_SECTION	CLAIM_MIXED_RECIRCULATION_OPEN	v05	EM ontology and recirculation/plumbing status.
SEC_PDE_EM_STATUS	ANCHORS_CLAIM_SECTION	OPEN_MIXED_RECIRCULATION	v05	EM ontology and recirculation/plumbing status.
SEC_PDE_EM_STATUS	ANCHORS_CLAIM_SECTION	CLAIM_MIXED_SECTOR_MICROSCOPIC	v05	EM ontology and recirculation/plumbing status.
FILE_ATOM_WORK	HAS_SECTION_ANCHOR	SEC_ATOM_FOUNDATIONS	v05	atom_work.md:3 — Part I — Foundations
SEC_ATOM_FOUNDATIONS	ANCHORS_CLAIM_SECTION	CLAIM_ATOMIC_HYDROGEN_ZERO_MODE	v05	Atomic/lepton foundations.
SEC_ATOM_FOUNDATIONS	ANCHORS_CLAIM_SECTION	CLAIM_CHARGE_ONTOLOGY_FIREWALL	v05	Atomic/lepton foundations.
FILE_ATOM_WORK	HAS_SECTION_ANCHOR	SEC_ATOM_HYDROGEN	v05	atom_work.md:240 — Part II — Hydrogen from the Existing 4D Action
SEC_ATOM_HYDROGEN	ANCHORS_CLAIM_SECTION	CLAIM_ATOMIC_HYDROGEN_ZERO_MODE	v05	Hydrogenic reduction.
FILE_LEPTON_WORK	HAS_SECTION_ANCHOR	SEC_LEPTON_VERDICT	v05	lepton_work.md:15 — 1.3 Final conditional verdict
SEC_LEPTON_VERDICT	ANCHORS_CLAIM_SECTION	CLAIM_LEPTON_HALF_INTEGER_CONDITIONAL	v05	Conditional lepton verdict.
FILE_LEPTON_WORK	HAS_SECTION_ANCHOR	SEC_LEPTON_MIXED_ROTOR	v05	lepton_work.md:107 — 4. Corrected same-charge mixed-sector rotor
SEC_LEPTON_MIXED_ROTOR	ANCHORS_CLAIM_SECTION	CLAIM_LEPTON_HALF_INTEGER_CONDITIONAL	v05	Mixed-sector Berry rotor.
SEC_LEPTON_MIXED_ROTOR	ANCHORS_CLAIM_SECTION	CLAIM_MIXED_SECTOR_MICROSCOPIC	v05	Mixed-sector Berry rotor.
FILE_LEPTON_MASS	HAS_SECTION_ANCHOR	SEC_LEPTON_MASS_THEOREM	v05	lepton_mass_notes.md:46 — 2. Core isolated-electron mass theorem
SEC_LEPTON_MASS_THEOREM	ANCHORS_CLAIM_SECTION	CLAIM_LEPTON_MASS_REDUCED_LEDGER	v05	Mass partition theorem.
FILE_G2_OUTPUT	HAS_SECTION_ANCHOR	SEC_G2_QUOTIENT	v05	g2_full_output.md:1 — Step 1 — Exact moving-throat quotient bridge and staggered anomaly benchmark
SEC_G2_QUOTIENT	ANCHORS_CLAIM_SECTION	CLAIM_G2_COMMON_QUOTIENT	v05	Quotient bridge.
FILE_G2_OUTPUT	HAS_SECTION_ANCHOR	SEC_G2_PREF_SLOPE	v05	g2_full_output.md:1144 — Step 4 — Exact transfer-shape / outgoing-prefactor bridge
SEC_G2_PREF_SLOPE	ANCHORS_CLAIM_SECTION	CLAIM_G2_COMMON_QUOTIENT	v05	Xi1/P1/P0 bridge.
SEC_G2_PREF_SLOPE	ANCHORS_CLAIM_SECTION	OPEN_WEAK_AXISYM_ORBIT_LOCK	v05	Xi1/P1/P0 bridge.
ATLAS_V05_STATUS_DASHBOARD	DECLARES	ATLAS_CURRENT_READINESS_V05	v05	v0.5 states current readiness and remaining work.
ATLAS_PHASE_1_CURATED_GRAPH	NEXT_PASS	ATLAS_PHASE_2_STATUS_GATES	v05	Atlas implementation sequence.
ATLAS_PHASE_2_STATUS_GATES	NEXT_PASS	ATLAS_PHASE_3_EQUATION_ANCHORS	v05	Atlas implementation sequence.
ATLAS_PHASE_3_EQUATION_ANCHORS	NEXT_PASS	ATLAS_PHASE_4_CLAIM_LAYER	v05	Atlas implementation sequence.
ATLAS_PHASE_4_CLAIM_LAYER	NEXT_PASS	ATLAS_PHASE_5_SECTION_ANCHORS	v05	Atlas implementation sequence.
ATLAS_PHASE_5_SECTION_ANCHORS	NEXT_PASS	ATLAS_PHASE_6_PAPER_BACKLINKS	v05	Atlas implementation sequence.
ATLAS_PHASE_6_PAPER_BACKLINKS	NEXT_PASS	ATLAS_PHASE_7_QUERY_VALIDATION	v05	Atlas implementation sequence.
ATLAS_V05_STATUS_DASHBOARD	TRACKS_PASS	ATLAS_PHASE_1_CURATED_GRAPH	v05	Dashboard tracks this pass.
ATLAS_V05_STATUS_DASHBOARD	TRACKS_PASS	ATLAS_PHASE_2_STATUS_GATES	v05	Dashboard tracks this pass.
ATLAS_V05_STATUS_DASHBOARD	TRACKS_PASS	ATLAS_PHASE_3_EQUATION_ANCHORS	v05	Dashboard tracks this pass.
ATLAS_V05_STATUS_DASHBOARD	TRACKS_PASS	ATLAS_PHASE_4_CLAIM_LAYER	v05	Dashboard tracks this pass.
ATLAS_V05_STATUS_DASHBOARD	TRACKS_PASS	ATLAS_PHASE_5_SECTION_ANCHORS	v05	Dashboard tracks this pass.
ATLAS_V05_STATUS_DASHBOARD	TRACKS_PASS	ATLAS_PHASE_6_PAPER_BACKLINKS	v05	Dashboard tracks this pass.
ATLAS_V05_STATUS_DASHBOARD	TRACKS_PASS	ATLAS_PHASE_7_QUERY_VALIDATION	v05	Dashboard tracks this pass.
ATLAS_PHASE_5_SECTION_ANCHORS	PARTIALLY_SATISFIES	ATLAS_V1_COMPLETION_CRITERIA	v05	Section anchors are a v1.0 criterion but not fully complete yet.
ATLAS_PHASE_6_PAPER_BACKLINKS	REQUIRED_FOR	ATLAS_V1_COMPLETION_CRITERIA	v05	Bidirectional backlinks are required before calling atlas v1.0 complete.
ATLAS_PHASE_7_QUERY_VALIDATION	REQUIRED_FOR	ATLAS_V1_COMPLETION_CRITERIA	v05	Query/use-case validation is required before v1.0.
ATLAS_CURRENT_READINESS_V05	FLAGS_REMAINING_GATE	OPEN_ACTUAL_BRANCH_EXPORTER	v05	Still open after atlas organization; atlas tracks it but does not solve it.
ATLAS_CURRENT_READINESS_V05	FLAGS_REMAINING_GATE	OPEN_QUAD_NORMALIZATION	v05	Still open after atlas organization; atlas tracks it but does not solve it.
ATLAS_CURRENT_READINESS_V05	FLAGS_REMAINING_GATE	OPEN_PARENT_PROMOTION_S_SIGMA	v05	Still open after atlas organization; atlas tracks it but does not solve it.
ATLAS_CURRENT_READINESS_V05	FLAGS_REMAINING_GATE	OPEN_WEAK_AXISYM_ORBIT_LOCK	v05	Still open after atlas organization; atlas tracks it but does not solve it.
ATLAS_CURRENT_READINESS_V05	FLAGS_REMAINING_GATE	OPEN_MATERIAL_CLOSURE	v05	Still open after atlas organization; atlas tracks it but does not solve it.
ATLAS_CURRENT_READINESS_V05	FLAGS_REMAINING_GATE	OPEN_MIXED_RECIRCULATION	v05	Still open after atlas organization; atlas tracks it but does not solve it.
ATLAS_CURRENT_READINESS_V05	FLAGS_REMAINING_GATE	OPEN_LEPTON_SPIN_DISCRETIZER	v05	Still open after atlas organization; atlas tracks it but does not solve it.
FILE_1PN_BRIDGE	HAS_SECTION_ANCHOR	SEC_1PN_BRIDGE_HEADLINE	v06	v0.6 section anchor: 1) Headline derived values (carry-forward constants)
SEC_1PN_BRIDGE_HEADLINE	ANCHORS_CLAIM_SECTION	CLAIM_1PN_EIH_WITHIN_HIERARCHY	v06	v0.6 section anchor for CLAIM_1PN_EIH_WITHIN_HIERARCHY
FILE_1PN_BRIDGE	HAS_SECTION_ANCHOR	SEC_1PN_BRIDGE_DICTIONARY	v06	v0.6 section anchor: 2) Minimal dictionary of the unified 4D model used by this paper
SEC_1PN_BRIDGE_DICTIONARY	ANCHORS_CLAIM_SECTION	CLAIM_CHARGE_ONTOLOGY_FIREWALL	v06	v0.6 section anchor for CLAIM_CHARGE_ONTOLOGY_FIREWALL
SEC_1PN_BRIDGE_DICTIONARY	ANCHORS_CLAIM_SECTION	CLAIM_PROJECTION_OPEN_BRANE_SYSTEM	v06	v0.6 section anchor for CLAIM_PROJECTION_OPEN_BRANE_SYSTEM
FILE_1PN_BRIDGE	HAS_SECTION_ANCHOR	SEC_1PN_BRIDGE_DOWNSTREAM	v06	v0.6 section anchor: 12) Takeaway for downstream reasoning
SEC_1PN_BRIDGE_DOWNSTREAM	ANCHORS_CLAIM_SECTION	CLAIM_1PN_EIH_WITHIN_HIERARCHY	v06	v0.6 section anchor for CLAIM_1PN_EIH_WITHIN_HIERARCHY
FILE_5PN_FULL	HAS_SECTION_ANCHOR	SEC_5PN_SUMMARY_SCOPE	v06	v0.6 section anchor: 0) What this package is doing
SEC_5PN_SUMMARY_SCOPE	ANCHORS_CLAIM_SECTION	CLAIM_5PN_FULL_BUNDLE_SURFACE	v06	v0.6 section anchor for CLAIM_5PN_FULL_BUNDLE_SURFACE
SEC_5PN_SUMMARY_SCOPE	ANCHORS_CLAIM_SECTION	CLAIM_BRANCH_EXPORTER_REQUIRED	v06	v0.6 section anchor for CLAIM_BRANCH_EXPORTER_REQUIRED
FILE_5PN_FULL	HAS_SECTION_ANCHOR	SEC_5PN_SUMMARY_CLAIMS	v06	v0.6 section anchor: 2) What this package claims — and what it does not claim
SEC_5PN_SUMMARY_CLAIMS	ANCHORS_CLAIM_SECTION	CLAIM_5PN_FULL_BUNDLE_SURFACE	v06	v0.6 section anchor for CLAIM_5PN_FULL_BUNDLE_SURFACE
SEC_5PN_SUMMARY_CLAIMS	ANCHORS_CLAIM_SECTION	OPEN_ACTUAL_BRANCH_EXPORTER	v06	v0.6 section anchor for OPEN_ACTUAL_BRANCH_EXPORTER
SEC_5PN_SUMMARY_CLAIMS	ANCHORS_CLAIM_SECTION	OPEN_WEAK_AXISYM_ORBIT_LOCK	v06	v0.6 section anchor for OPEN_WEAK_AXISYM_ORBIT_LOCK
FILE_5PN_FULL	HAS_SECTION_ANCHOR	SEC_5PN_SUMMARY_MONOMIALS	v06	v0.6 section anchor: 4.5 Coherent normal form and exact monomial coordinates
SEC_5PN_SUMMARY_MONOMIALS	ANCHORS_CLAIM_SECTION	CLAIM_G2_COMMON_QUOTIENT	v06	v0.6 section anchor for CLAIM_G2_COMMON_QUOTIENT
SEC_5PN_SUMMARY_MONOMIALS	ANCHORS_CLAIM_SECTION	CLAIM_5PN_FULL_BUNDLE_SURFACE	v06	v0.6 section anchor for CLAIM_5PN_FULL_BUNDLE_SURFACE
FILE_5PN_FULL	HAS_SECTION_ANCHOR	SEC_5PN_SUMMARY_BOTTOM_LINE	v06	v0.6 section anchor: 10) Bottom-line interpretation
SEC_5PN_SUMMARY_BOTTOM_LINE	ANCHORS_CLAIM_SECTION	CLAIM_5PN_FULL_BUNDLE_SURFACE	v06	v0.6 section anchor for CLAIM_5PN_FULL_BUNDLE_SURFACE
SEC_5PN_SUMMARY_BOTTOM_LINE	ANCHORS_CLAIM_SECTION	CLAIM_BRANCH_EXPORTER_REQUIRED	v06	v0.6 section anchor for CLAIM_BRANCH_EXPORTER_REQUIRED
FILE_4D_PARENT	HAS_PAPER_BACKLINK_BLOCK	BACKLINK_4D_PARENT	v06	Paste-ready atlas backlink block prepared in v0.6.
BACKLINK_4D_PARENT	BACKLINKS_ATLAS_NODE	CLAIM_PARENT_ACTION_CURRENT_EXACT	v06	Paper backlink block references CLAIM_PARENT_ACTION_CURRENT_EXACT.
BACKLINK_4D_PARENT	BACKLINKS_ATLAS_NODE	CLAIM_PROJECTION_OPEN_BRANE_SYSTEM	v06	Paper backlink block references CLAIM_PROJECTION_OPEN_BRANE_SYSTEM.
BACKLINK_4D_PARENT	BACKLINKS_ATLAS_NODE	CLAIM_ZERO_MODE_MAXWELL_REDUCTION	v06	Paper backlink block references CLAIM_ZERO_MODE_MAXWELL_REDUCTION.
BACKLINK_4D_PARENT	BACKLINKS_ATLAS_NODE	CLAIM_CHARGE_ONTOLOGY_FIREWALL	v06	Paper backlink block references CLAIM_CHARGE_ONTOLOGY_FIREWALL.
BACKLINK_4D_PARENT	BACKLINKS_ATLAS_NODE	EQ_PARENT_ACTION_CURRENT	v06	Paper backlink block references EQ_PARENT_ACTION_CURRENT.
BACKLINK_4D_PARENT	BACKLINKS_ATLAS_NODE	EQ_GNLS_BULK	v06	Paper backlink block references EQ_GNLS_BULK.
BACKLINK_4D_PARENT	BACKLINKS_ATLAS_NODE	EQ_PROJECTED_CONTINUITY	v06	Paper backlink block references EQ_PROJECTED_CONTINUITY.
BACKLINK_4D_PARENT	BACKLINKS_ATLAS_NODE	EQ_LONGITUDINAL_IDENTITY	v06	Paper backlink block references EQ_LONGITUDINAL_IDENTITY.
BACKLINK_4D_PARENT	BACKLINKS_ATLAS_NODE	EQ_ZERO_MODE_MAXWELL	v06	Paper backlink block references EQ_ZERO_MODE_MAXWELL.
BACKLINK_4D_PARENT	BACKLINKS_ATLAS_NODE	EQ_QEFF_NORMALIZATION	v06	Paper backlink block references EQ_QEFF_NORMALIZATION.
BACKLINK_4D_PARENT	BACKLINKS_ATLAS_NODE	PHYS_BRANE_OBSERVER	v06	Paper backlink block references PHYS_BRANE_OBSERVER.
BACKLINK_4D_PARENT	BACKLINKS_ATLAS_NODE	PHYS_MIXED_EM_CORE	v06	Paper backlink block references PHYS_MIXED_EM_CORE.
BACKLINK_4D_PARENT	BACKLINKS_SECTION_ANCHOR	SEC_4D_PARENT_ACTION	v06	Paper backlink block references source-section anchor SEC_4D_PARENT_ACTION.
BACKLINK_4D_PARENT	BACKLINKS_SECTION_ANCHOR	SEC_4D_EXACT_EQUATIONS	v06	Paper backlink block references source-section anchor SEC_4D_EXACT_EQUATIONS.
BACKLINK_4D_PARENT	BACKLINKS_SECTION_ANCHOR	SEC_4D_PROJECTION_REDUCTION	v06	Paper backlink block references source-section anchor SEC_4D_PROJECTION_REDUCTION.
BACKLINK_4D_PARENT	BACKLINKS_SECTION_ANCHOR	SEC_4D_PROJECTED_CONTINUITY	v06	Paper backlink block references source-section anchor SEC_4D_PROJECTED_CONTINUITY.
BACKLINK_4D_PARENT	BACKLINKS_SECTION_ANCHOR	SEC_4D_POISSON_HOOK	v06	Paper backlink block references source-section anchor SEC_4D_POISSON_HOOK.
BACKLINK_4D_PARENT	BACKLINKS_SECTION_ANCHOR	SEC_4D_ZERO_MODE_MAXWELL	v06	Paper backlink block references source-section anchor SEC_4D_ZERO_MODE_MAXWELL.
BACKLINK_4D_PARENT	BACKLINKS_SECTION_ANCHOR	SEC_4D_CHARGE_BOOKKEEPING	v06	Paper backlink block references source-section anchor SEC_4D_CHARGE_BOOKKEEPING.
FILE_EM_FIELDS	HAS_PAPER_BACKLINK_BLOCK	BACKLINK_EM_FIELDS	v06	Paste-ready atlas backlink block prepared in v0.6.
BACKLINK_EM_FIELDS	BACKLINKS_ATLAS_NODE	CLAIM_ZERO_MODE_MAXWELL_REDUCTION	v06	Paper backlink block references CLAIM_ZERO_MODE_MAXWELL_REDUCTION.
BACKLINK_EM_FIELDS	BACKLINKS_ATLAS_NODE	CLAIM_CHARGE_ONTOLOGY_FIREWALL	v06	Paper backlink block references CLAIM_CHARGE_ONTOLOGY_FIREWALL.
BACKLINK_EM_FIELDS	BACKLINKS_ATLAS_NODE	CLAIM_MIXED_SECTOR_MICROSCOPIC	v06	Paper backlink block references CLAIM_MIXED_SECTOR_MICROSCOPIC.
BACKLINK_EM_FIELDS	BACKLINKS_ATLAS_NODE	MATH_LOCALIZED_MAXWELL_AM	v06	Paper backlink block references MATH_LOCALIZED_MAXWELL_AM.
BACKLINK_EM_FIELDS	BACKLINKS_ATLAS_NODE	MATH_ZERO_MODE_MAXWELL	v06	Paper backlink block references MATH_ZERO_MODE_MAXWELL.
BACKLINK_EM_FIELDS	BACKLINKS_ATLAS_NODE	MATH_QSTAR_QEFF	v06	Paper backlink block references MATH_QSTAR_QEFF.
BACKLINK_EM_FIELDS	BACKLINKS_ATLAS_NODE	MATH_MIXED_FIELDS_EW_CA	v06	Paper backlink block references MATH_MIXED_FIELDS_EW_CA.
BACKLINK_EM_FIELDS	BACKLINKS_ATLAS_NODE	EQ_ZERO_MODE_MAXWELL	v06	Paper backlink block references EQ_ZERO_MODE_MAXWELL.
BACKLINK_EM_FIELDS	BACKLINKS_ATLAS_NODE	EQ_QEFF_NORMALIZATION	v06	Paper backlink block references EQ_QEFF_NORMALIZATION.
BACKLINK_EM_FIELDS	BACKLINKS_SECTION_ANCHOR	SEC_EM_CHARGE_ONTOLOGY	v06	Paper backlink block references source-section anchor SEC_EM_CHARGE_ONTOLOGY.
BACKLINK_EM_FIELDS	BACKLINKS_SECTION_ANCHOR	SEC_EM_LOCALIZED_ACTION	v06	Paper backlink block references source-section anchor SEC_EM_LOCALIZED_ACTION.
BACKLINK_EM_FIELDS	BACKLINKS_SECTION_ANCHOR	SEC_EM_BULK_EQUATIONS	v06	Paper backlink block references source-section anchor SEC_EM_BULK_EQUATIONS.
BACKLINK_EM_FIELDS	BACKLINKS_SECTION_ANCHOR	SEC_EM_ZERO_MODE	v06	Paper backlink block references source-section anchor SEC_EM_ZERO_MODE.
BACKLINK_EM_FIELDS	BACKLINKS_SECTION_ANCHOR	SEC_EM_QEFF	v06	Paper backlink block references source-section anchor SEC_EM_QEFF.
BACKLINK_EM_FIELDS	BACKLINKS_SECTION_ANCHOR	SEC_EM_DEVIATIONS	v06	Paper backlink block references source-section anchor SEC_EM_DEVIATIONS.
BACKLINK_EM_FIELDS	FLAGS_OPEN_GATE	OPEN_MIXED_RECIRCULATION	v06	Paper backlink block flags open gate OPEN_MIXED_RECIRCULATION.
FILE_PLASMA	HAS_PAPER_BACKLINK_BLOCK	BACKLINK_PLASMA	v06	Paste-ready atlas backlink block prepared in v0.6.
BACKLINK_PLASMA	BACKLINKS_ATLAS_NODE	CLAIM_PROJECTION_OPEN_BRANE_SYSTEM	v06	Paper backlink block references CLAIM_PROJECTION_OPEN_BRANE_SYSTEM.
BACKLINK_PLASMA	BACKLINKS_ATLAS_NODE	CLAIM_MIXED_SECTOR_MICROSCOPIC	v06	Paper backlink block references CLAIM_MIXED_SECTOR_MICROSCOPIC.
BACKLINK_PLASMA	BACKLINKS_ATLAS_NODE	MATH_W_PROJECTION	v06	Paper backlink block references MATH_W_PROJECTION.
BACKLINK_PLASMA	BACKLINKS_ATLAS_NODE	MATH_Z_PROFILE	v06	Paper backlink block references MATH_Z_PROFILE.
BACKLINK_PLASMA	BACKLINKS_ATLAS_NODE	MATH_MIXED_FIELDS_EW_CA	v06	Paper backlink block references MATH_MIXED_FIELDS_EW_CA.
BACKLINK_PLASMA	BACKLINKS_ATLAS_NODE	EQ_PROJECTED_CONTINUITY	v06	Paper backlink block references EQ_PROJECTED_CONTINUITY.
BACKLINK_PLASMA	BACKLINKS_ATLAS_NODE	PHYS_OPEN_CONDUIT	v06	Paper backlink block references PHYS_OPEN_CONDUIT.
BACKLINK_PLASMA	BACKLINKS_ATLAS_NODE	PHYS_MIXED_EM_CORE	v06	Paper backlink block references PHYS_MIXED_EM_CORE.
BACKLINK_PLASMA	BACKLINKS_SECTION_ANCHOR	SEC_PLASMA_Z_VS_W	v06	Paper backlink block references source-section anchor SEC_PLASMA_Z_VS_W.
BACKLINK_PLASMA	BACKLINKS_SECTION_ANCHOR	SEC_PLASMA_MIXED_FIELDS	v06	Paper backlink block references source-section anchor SEC_PLASMA_MIXED_FIELDS.
BACKLINK_PLASMA	BACKLINKS_SECTION_ANCHOR	SEC_PLASMA_LEAKAGE	v06	Paper backlink block references source-section anchor SEC_PLASMA_LEAKAGE.
BACKLINK_PLASMA	BACKLINKS_SECTION_ANCHOR	SEC_PLASMA_AW_ROLE	v06	Paper backlink block references source-section anchor SEC_PLASMA_AW_ROLE.
BACKLINK_PLASMA	FLAGS_OPEN_GATE	OPEN_MIXED_RECIRCULATION	v06	Paper backlink block flags open gate OPEN_MIXED_RECIRCULATION.
FILE_1PN_BRIDGE	HAS_PAPER_BACKLINK_BLOCK	BACKLINK_1PN_BRIDGE	v06	Paste-ready atlas backlink block prepared in v0.6.
BACKLINK_1PN_BRIDGE	BACKLINKS_ATLAS_NODE	CLAIM_1PN_EIH_WITHIN_HIERARCHY	v06	Paper backlink block references CLAIM_1PN_EIH_WITHIN_HIERARCHY.
BACKLINK_1PN_BRIDGE	BACKLINKS_ATLAS_NODE	CLAIM_CHARGE_ONTOLOGY_FIREWALL	v06	Paper backlink block references CLAIM_CHARGE_ONTOLOGY_FIREWALL.
BACKLINK_1PN_BRIDGE	BACKLINKS_ATLAS_NODE	MATH_POISSON_HOOK	v06	Paper backlink block references MATH_POISSON_HOOK.
BACKLINK_1PN_BRIDGE	BACKLINKS_ATLAS_NODE	PHYS_BRANE_BULK_THROAT_DEFECT	v06	Paper backlink block references PHYS_BRANE_BULK_THROAT_DEFECT.
BACKLINK_1PN_BRIDGE	BACKLINKS_ATLAS_NODE	PHYS_INTERIOR_SUPPORT	v06	Paper backlink block references PHYS_INTERIOR_SUPPORT.
BACKLINK_1PN_BRIDGE	BACKLINKS_SECTION_ANCHOR	SEC_1PN_BRIDGE_HEADLINE	v06	Paper backlink block references source-section anchor SEC_1PN_BRIDGE_HEADLINE.
BACKLINK_1PN_BRIDGE	BACKLINKS_SECTION_ANCHOR	SEC_1PN_BRIDGE_DICTIONARY	v06	Paper backlink block references source-section anchor SEC_1PN_BRIDGE_DICTIONARY.
BACKLINK_1PN_BRIDGE	BACKLINKS_SECTION_ANCHOR	SEC_1PN_BRIDGE_DOWNSTREAM	v06	Paper backlink block references source-section anchor SEC_1PN_BRIDGE_DOWNSTREAM.
FILE_1PN_FULL	HAS_PAPER_BACKLINK_BLOCK	BACKLINK_1PN_FULL	v06	Paste-ready atlas backlink block prepared in v0.6.
BACKLINK_1PN_FULL	BACKLINKS_ATLAS_NODE	CLAIM_1PN_EIH_WITHIN_HIERARCHY	v06	Paper backlink block references CLAIM_1PN_EIH_WITHIN_HIERARCHY.
BACKLINK_1PN_FULL	BACKLINKS_ATLAS_NODE	EQ_1PN_EIH_EQUALITY	v06	Paper backlink block references EQ_1PN_EIH_EQUALITY.
BACKLINK_1PN_FULL	BACKLINKS_ATLAS_NODE	CLAIM_RESPONSE_READOUT_DISCIPLINE	v06	Paper backlink block references CLAIM_RESPONSE_READOUT_DISCIPLINE.
BACKLINK_1PN_FULL	BACKLINKS_ATLAS_NODE	PHYS_BRANE_BULK_THROAT_DEFECT	v06	Paper backlink block references PHYS_BRANE_BULK_THROAT_DEFECT.
BACKLINK_1PN_FULL	BACKLINKS_SECTION_ANCHOR	SEC_1PN_TAXONOMY	v06	Paper backlink block references source-section anchor SEC_1PN_TAXONOMY.
BACKLINK_1PN_FULL	BACKLINKS_SECTION_ANCHOR	SEC_1PN_HEADLINE	v06	Paper backlink block references source-section anchor SEC_1PN_HEADLINE.
BACKLINK_1PN_FULL	BACKLINKS_SECTION_ANCHOR	SEC_1PN_FULL_LAGRANGIAN	v06	Paper backlink block references source-section anchor SEC_1PN_FULL_LAGRANGIAN.
BACKLINK_1PN_FULL	BACKLINKS_SECTION_ANCHOR	SEC_1PN_FIXED_SYMBOLIC	v06	Paper backlink block references source-section anchor SEC_1PN_FIXED_SYMBOLIC.
FILE_2PN_FULL	HAS_PAPER_BACKLINK_BLOCK	BACKLINK_2PN_FULL	v06	Paste-ready atlas backlink block prepared in v0.6.
BACKLINK_2PN_FULL	BACKLINKS_ATLAS_NODE	CLAIM_2PN_ADM_WITHIN_HIERARCHY	v06	Paper backlink block references CLAIM_2PN_ADM_WITHIN_HIERARCHY.
BACKLINK_2PN_FULL	BACKLINKS_ATLAS_NODE	EQ_2PN_ADM_EQUALITY	v06	Paper backlink block references EQ_2PN_ADM_EQUALITY.
BACKLINK_2PN_FULL	BACKLINKS_ATLAS_NODE	PHYS_GROUPED_P2_SHAPE_RESPONSE	v06	Paper backlink block references PHYS_GROUPED_P2_SHAPE_RESPONSE.
BACKLINK_2PN_FULL	BACKLINKS_ATLAS_NODE	CLAIM_STAGE1_GEOMETRY_LIFT	v06	Paper backlink block references CLAIM_STAGE1_GEOMETRY_LIFT.
BACKLINK_2PN_FULL	BACKLINKS_ATLAS_NODE	CLAIM_STAGE2_AL_RECOVERY	v06	Paper backlink block references CLAIM_STAGE2_AL_RECOVERY.
BACKLINK_2PN_FULL	BACKLINKS_SECTION_ANCHOR	SEC_2PN_CLAIMS	v06	Paper backlink block references source-section anchor SEC_2PN_CLAIMS.
BACKLINK_2PN_FULL	BACKLINKS_SECTION_ANCHOR	SEC_2PN_MAIN_THEOREM	v06	Paper backlink block references source-section anchor SEC_2PN_MAIN_THEOREM.
BACKLINK_2PN_FULL	BACKLINKS_SECTION_ANCHOR	SEC_2PN_OPEN_DYNAMIC	v06	Paper backlink block references source-section anchor SEC_2PN_OPEN_DYNAMIC.
BACKLINK_2PN_FULL	BACKLINKS_SECTION_ANCHOR	SEC_2PN_P0P2_APPENDIX	v06	Paper backlink block references source-section anchor SEC_2PN_P0P2_APPENDIX.
BACKLINK_2PN_FULL	FLAGS_OPEN_GATE	OPEN_ACTUAL_BRANCH_EXPORTER	v06	Paper backlink block flags open gate OPEN_ACTUAL_BRANCH_EXPORTER.
FILE_2_5PN	HAS_PAPER_BACKLINK_BLOCK	BACKLINK_25PN	v06	Paste-ready atlas backlink block prepared in v0.6.
BACKLINK_25PN	BACKLINKS_ATLAS_NODE	CLAIM_25PN_QUAD_NARROWING	v06	Paper backlink block references CLAIM_25PN_QUAD_NARROWING.
BACKLINK_25PN	BACKLINKS_ATLAS_NODE	CLAIM_STAGE022_P0_TARGET	v06	Paper backlink block references CLAIM_STAGE022_P0_TARGET.
BACKLINK_25PN	BACKLINKS_ATLAS_NODE	CLAIM_STAGE024_O3_ISOTROPY	v06	Paper backlink block references CLAIM_STAGE024_O3_ISOTROPY.
BACKLINK_25PN	BACKLINKS_ATLAS_NODE	EQ_COMPACT_L2_FINGERPRINT	v06	Paper backlink block references EQ_COMPACT_L2_FINGERPRINT.
BACKLINK_25PN	BACKLINKS_ATLAS_NODE	EQ_P0_TARGET	v06	Paper backlink block references EQ_P0_TARGET.
BACKLINK_25PN	BACKLINKS_ATLAS_NODE	MATH_STF_SOURCE_MAP	v06	Paper backlink block references MATH_STF_SOURCE_MAP.
BACKLINK_25PN	BACKLINKS_ATLAS_NODE	PHYS_OUTGOING_QUADRUPOLE_PORT	v06	Paper backlink block references PHYS_OUTGOING_QUADRUPOLE_PORT.
BACKLINK_25PN	BACKLINKS_SECTION_ANCHOR	SEC_25PN_CLAIMS	v06	Paper backlink block references source-section anchor SEC_25PN_CLAIMS.
BACKLINK_25PN	BACKLINKS_SECTION_ANCHOR	SEC_25PN_STF_MAP	v06	Paper backlink block references source-section anchor SEC_25PN_STF_MAP.
BACKLINK_25PN	BACKLINKS_SECTION_ANCHOR	SEC_25PN_QUAD_LEDGER	v06	Paper backlink block references source-section anchor SEC_25PN_QUAD_LEDGER.
BACKLINK_25PN	BACKLINKS_SECTION_ANCHOR	SEC_25PN_NORM_STACK	v06	Paper backlink block references source-section anchor SEC_25PN_NORM_STACK.
BACKLINK_25PN	BACKLINKS_SECTION_ANCHOR	SEC_25PN_OPEN	v06	Paper backlink block references source-section anchor SEC_25PN_OPEN.
BACKLINK_25PN	FLAGS_OPEN_GATE	OPEN_QUAD_NORMALIZATION	v06	Paper backlink block flags open gate OPEN_QUAD_NORMALIZATION.
BACKLINK_25PN	FLAGS_OPEN_GATE	OPEN_SOURCE_PORT_NORMALIZATION	v06	Paper backlink block flags open gate OPEN_SOURCE_PORT_NORMALIZATION.
FILE_3PN_FULL	HAS_PAPER_BACKLINK_BLOCK	BACKLINK_3PN_FULL	v06	Paste-ready atlas backlink block prepared in v0.6.
BACKLINK_3PN_FULL	BACKLINKS_ATLAS_NODE	CLAIM_3PN_GROUPED_P2_WITHIN_HIERARCHY	v06	Paper backlink block references CLAIM_3PN_GROUPED_P2_WITHIN_HIERARCHY.
BACKLINK_3PN_FULL	BACKLINKS_ATLAS_NODE	EQ_3PN_SPLIT	v06	Paper backlink block references EQ_3PN_SPLIT.
BACKLINK_3PN_FULL	BACKLINKS_ATLAS_NODE	CLAIM_STAGE023_FULL_BUNDLE_RATIO	v06	Paper backlink block references CLAIM_STAGE023_FULL_BUNDLE_RATIO.
BACKLINK_3PN_FULL	BACKLINKS_ATLAS_NODE	PHYS_GROUPED_P2_SHAPE_RESPONSE	v06	Paper backlink block references PHYS_GROUPED_P2_SHAPE_RESPONSE.
BACKLINK_3PN_FULL	BACKLINKS_ATLAS_NODE	MATH_GROUPED_PROJECTORS_GGRP	v06	Paper backlink block references MATH_GROUPED_PROJECTORS_GGRP.
BACKLINK_3PN_FULL	BACKLINKS_SECTION_ANCHOR	SEC_3PN_GROUPED_MODULE	v06	Paper backlink block references source-section anchor SEC_3PN_GROUPED_MODULE.
BACKLINK_3PN_FULL	BACKLINKS_SECTION_ANCHOR	SEC_3PN_MAIN_THEOREM	v06	Paper backlink block references source-section anchor SEC_3PN_MAIN_THEOREM.
BACKLINK_3PN_FULL	BACKLINKS_SECTION_ANCHOR	SEC_3PN_INTERFACE	v06	Paper backlink block references source-section anchor SEC_3PN_INTERFACE.
BACKLINK_3PN_FULL	FLAGS_OPEN_GATE	OPEN_ACTUAL_BRANCH_EXPORTER	v06	Paper backlink block flags open gate OPEN_ACTUAL_BRANCH_EXPORTER.
BACKLINK_3PN_FULL	FLAGS_OPEN_GATE	OPEN_QUAD_NORMALIZATION	v06	Paper backlink block flags open gate OPEN_QUAD_NORMALIZATION.
FILE_4PN_FULL	HAS_PAPER_BACKLINK_BLOCK	BACKLINK_4PN_FULL	v06	Paste-ready atlas backlink block prepared in v0.6.
BACKLINK_4PN_FULL	BACKLINKS_ATLAS_NODE	CLAIM_4PN_LOCAL_CLOSED_TAIL_CONDITIONAL	v06	Paper backlink block references CLAIM_4PN_LOCAL_CLOSED_TAIL_CONDITIONAL.
BACKLINK_4PN_FULL	BACKLINKS_ATLAS_NODE	EQ_4PN_TAIL_BRIDGE	v06	Paper backlink block references EQ_4PN_TAIL_BRIDGE.
BACKLINK_4PN_FULL	BACKLINKS_ATLAS_NODE	CLAIM_STAGE022_P0_TARGET	v06	Paper backlink block references CLAIM_STAGE022_P0_TARGET.
BACKLINK_4PN_FULL	BACKLINKS_ATLAS_NODE	PHYS_OUTGOING_QUADRUPOLE_PORT	v06	Paper backlink block references PHYS_OUTGOING_QUADRUPOLE_PORT.
BACKLINK_4PN_FULL	BACKLINKS_SECTION_ANCHOR	SEC_4PN_TAIL_BRIDGE	v06	Paper backlink block references source-section anchor SEC_4PN_TAIL_BRIDGE.
BACKLINK_4PN_FULL	BACKLINKS_SECTION_ANCHOR	SEC_4PN_NO_NEW_GAP	v06	Paper backlink block references source-section anchor SEC_4PN_NO_NEW_GAP.
BACKLINK_4PN_FULL	BACKLINKS_SECTION_ANCHOR	SEC_4PN_FINAL_THEOREM	v06	Paper backlink block references source-section anchor SEC_4PN_FINAL_THEOREM.
BACKLINK_4PN_FULL	FLAGS_OPEN_GATE	OPEN_QUAD_NORMALIZATION	v06	Paper backlink block flags open gate OPEN_QUAD_NORMALIZATION.
FILE_5PN_FULL	HAS_PAPER_BACKLINK_BLOCK	BACKLINK_5PN_FULL	v06	Paste-ready atlas backlink block prepared in v0.6.
BACKLINK_5PN_FULL	BACKLINKS_ATLAS_NODE	CLAIM_5PN_FULL_BUNDLE_SURFACE	v06	Paper backlink block references CLAIM_5PN_FULL_BUNDLE_SURFACE.
BACKLINK_5PN_FULL	BACKLINKS_ATLAS_NODE	CLAIM_G2_COMMON_QUOTIENT	v06	Paper backlink block references CLAIM_G2_COMMON_QUOTIENT.
BACKLINK_5PN_FULL	BACKLINKS_ATLAS_NODE	CLAIM_STAGE023_FULL_BUNDLE_RATIO	v06	Paper backlink block references CLAIM_STAGE023_FULL_BUNDLE_RATIO.
BACKLINK_5PN_FULL	BACKLINKS_ATLAS_NODE	CLAIM_STAGE025_031_SELECTED_BRANCH	v06	Paper backlink block references CLAIM_STAGE025_031_SELECTED_BRANCH.
BACKLINK_5PN_FULL	BACKLINKS_ATLAS_NODE	MATH_MONOMIAL_QUOTIENT	v06	Paper backlink block references MATH_MONOMIAL_QUOTIENT.
BACKLINK_5PN_FULL	BACKLINKS_ATLAS_NODE	MATH_XI1_PREF_SLOPE	v06	Paper backlink block references MATH_XI1_PREF_SLOPE.
BACKLINK_5PN_FULL	BACKLINKS_ATLAS_NODE	EQ_XI1_PREF_SLOPE	v06	Paper backlink block references EQ_XI1_PREF_SLOPE.
BACKLINK_5PN_FULL	BACKLINKS_ATLAS_NODE	EQ_FULL_BUNDLE_TARGET_SURFACE	v06	Paper backlink block references EQ_FULL_BUNDLE_TARGET_SURFACE.
BACKLINK_5PN_FULL	BACKLINKS_SECTION_ANCHOR	SEC_5PN_SUMMARY_SCOPE	v06	Paper backlink block references source-section anchor SEC_5PN_SUMMARY_SCOPE.
BACKLINK_5PN_FULL	BACKLINKS_SECTION_ANCHOR	SEC_5PN_SUMMARY_CLAIMS	v06	Paper backlink block references source-section anchor SEC_5PN_SUMMARY_CLAIMS.
BACKLINK_5PN_FULL	BACKLINKS_SECTION_ANCHOR	SEC_5PN_SUMMARY_MONOMIALS	v06	Paper backlink block references source-section anchor SEC_5PN_SUMMARY_MONOMIALS.
BACKLINK_5PN_FULL	BACKLINKS_SECTION_ANCHOR	SEC_5PN_SUMMARY_BOTTOM_LINE	v06	Paper backlink block references source-section anchor SEC_5PN_SUMMARY_BOTTOM_LINE.
BACKLINK_5PN_FULL	BACKLINKS_SECTION_ANCHOR	SEC_5PN_STAGE11_MONOMIALS	v06	Paper backlink block references source-section anchor SEC_5PN_STAGE11_MONOMIALS.
BACKLINK_5PN_FULL	BACKLINKS_SECTION_ANCHOR	SEC_5PN_STAGE15_XI	v06	Paper backlink block references source-section anchor SEC_5PN_STAGE15_XI.
BACKLINK_5PN_FULL	BACKLINKS_SECTION_ANCHOR	SEC_5PN_STAGE18_SURFACE	v06	Paper backlink block references source-section anchor SEC_5PN_STAGE18_SURFACE.
BACKLINK_5PN_FULL	BACKLINKS_SECTION_ANCHOR	SEC_5PN_STAGE20_EVEN_GATES	v06	Paper backlink block references source-section anchor SEC_5PN_STAGE20_EVEN_GATES.
BACKLINK_5PN_FULL	BACKLINKS_SECTION_ANCHOR	SEC_5PN_STAGE24_26_PLACEMENT	v06	Paper backlink block references source-section anchor SEC_5PN_STAGE24_26_PLACEMENT.
BACKLINK_5PN_FULL	BACKLINKS_SECTION_ANCHOR	SEC_5PN_STAGE31_SUPPORT	v06	Paper backlink block references source-section anchor SEC_5PN_STAGE31_SUPPORT.
BACKLINK_5PN_FULL	FLAGS_OPEN_GATE	OPEN_ACTUAL_BRANCH_EXPORTER	v06	Paper backlink block flags open gate OPEN_ACTUAL_BRANCH_EXPORTER.
BACKLINK_5PN_FULL	FLAGS_OPEN_GATE	OPEN_WEAK_AXISYM_ORBIT_LOCK	v06	Paper backlink block flags open gate OPEN_WEAK_AXISYM_ORBIT_LOCK.
BACKLINK_5PN_FULL	FLAGS_OPEN_GATE	OPEN_EXECUTABLE_BRANCH_SOLVER	v06	Paper backlink block flags open gate OPEN_EXECUTABLE_BRANCH_SOLVER.
FILE_MOVING_THROAT_COMPACT	HAS_PAPER_BACKLINK_BLOCK	BACKLINK_MOVING_THROAT_COMPACT	v06	Paste-ready atlas backlink block prepared in v0.6.
BACKLINK_MOVING_THROAT_COMPACT	BACKLINKS_ATLAS_NODE	CLAIM_RESPONSE_READOUT_DISCIPLINE	v06	Paper backlink block references CLAIM_RESPONSE_READOUT_DISCIPLINE.
BACKLINK_MOVING_THROAT_COMPACT	BACKLINKS_ATLAS_NODE	CLAIM_BRANCH_EXPORTER_REQUIRED	v06	Paper backlink block references CLAIM_BRANCH_EXPORTER_REQUIRED.
BACKLINK_MOVING_THROAT_COMPACT	BACKLINKS_ATLAS_NODE	CLAIM_PACKET_A_PACKET_B_SPLIT	v06	Paper backlink block references CLAIM_PACKET_A_PACKET_B_SPLIT.
BACKLINK_MOVING_THROAT_COMPACT	BACKLINKS_ATLAS_NODE	CLAIM_STAGE1_GEOMETRY_LIFT	v06	Paper backlink block references CLAIM_STAGE1_GEOMETRY_LIFT.
BACKLINK_MOVING_THROAT_COMPACT	BACKLINKS_ATLAS_NODE	CLAIM_PROJECTED_EM_OUTGOING_BRIDGE	v06	Paper backlink block references CLAIM_PROJECTED_EM_OUTGOING_BRIDGE.
BACKLINK_MOVING_THROAT_COMPACT	BACKLINKS_ATLAS_NODE	CLAIM_STAGE023_FULL_BUNDLE_RATIO	v06	Paper backlink block references CLAIM_STAGE023_FULL_BUNDLE_RATIO.
BACKLINK_MOVING_THROAT_COMPACT	BACKLINKS_ATLAS_NODE	CLAIM_STAGE025_031_SELECTED_BRANCH	v06	Paper backlink block references CLAIM_STAGE025_031_SELECTED_BRANCH.
BACKLINK_MOVING_THROAT_COMPACT	BACKLINKS_ATLAS_NODE	CLAIM_MIXED_SECTOR_MICROSCOPIC	v06	Paper backlink block references CLAIM_MIXED_SECTOR_MICROSCOPIC.
BACKLINK_MOVING_THROAT_COMPACT	BACKLINKS_SECTION_ANCHOR	SEC_MT_READING_RULES	v06	Paper backlink block references source-section anchor SEC_MT_READING_RULES.
BACKLINK_MOVING_THROAT_COMPACT	BACKLINKS_SECTION_ANCHOR	SEC_MT_THEOREM_STATUS	v06	Paper backlink block references source-section anchor SEC_MT_THEOREM_STATUS.
BACKLINK_MOVING_THROAT_COMPACT	BACKLINKS_SECTION_ANCHOR	SEC_MT_PARENT_FIELDS	v06	Paper backlink block references source-section anchor SEC_MT_PARENT_FIELDS.
BACKLINK_MOVING_THROAT_COMPACT	BACKLINKS_SECTION_ANCHOR	SEC_MT_MIXED_INVARIANTS	v06	Paper backlink block references source-section anchor SEC_MT_MIXED_INVARIANTS.
BACKLINK_MOVING_THROAT_COMPACT	BACKLINKS_SECTION_ANCHOR	SEC_MT_PROJECTION_ZERO_MODE	v06	Paper backlink block references source-section anchor SEC_MT_PROJECTION_ZERO_MODE.
BACKLINK_MOVING_THROAT_COMPACT	FLAGS_OPEN_GATE	OPEN_ACTUAL_BRANCH_EXPORTER	v06	Paper backlink block flags open gate OPEN_ACTUAL_BRANCH_EXPORTER.
BACKLINK_MOVING_THROAT_COMPACT	FLAGS_OPEN_GATE	OPEN_EXECUTABLE_BRANCH_SOLVER	v06	Paper backlink block flags open gate OPEN_EXECUTABLE_BRANCH_SOLVER.
BACKLINK_MOVING_THROAT_COMPACT	FLAGS_OPEN_GATE	OPEN_QUAD_NORMALIZATION	v06	Paper backlink block flags open gate OPEN_QUAD_NORMALIZATION.
BACKLINK_MOVING_THROAT_COMPACT	FLAGS_OPEN_GATE	OPEN_WEAK_AXISYM_ORBIT_LOCK	v06	Paper backlink block flags open gate OPEN_WEAK_AXISYM_ORBIT_LOCK.
FILE_PDE_AUDIT	HAS_PAPER_BACKLINK_BLOCK	BACKLINK_PDE_AUDIT	v06	Paste-ready atlas backlink block prepared in v0.6.
BACKLINK_PDE_AUDIT	BACKLINKS_ATLAS_NODE	CLAIM_PARENT_WALL_STATUS_SPLIT	v06	Paper backlink block references CLAIM_PARENT_WALL_STATUS_SPLIT.
BACKLINK_PDE_AUDIT	BACKLINKS_ATLAS_NODE	CLAIM_MAXWELL_GAUGE_LOCALIZATION_PATCH	v06	Paper backlink block references CLAIM_MAXWELL_GAUGE_LOCALIZATION_PATCH.
BACKLINK_PDE_AUDIT	BACKLINKS_ATLAS_NODE	CLAIM_STAGE3_BDG_SCHUR	v06	Paper backlink block references CLAIM_STAGE3_BDG_SCHUR.
BACKLINK_PDE_AUDIT	BACKLINKS_ATLAS_NODE	CLAIM_PROJECTED_EM_OUTGOING_BRIDGE	v06	Paper backlink block references CLAIM_PROJECTED_EM_OUTGOING_BRIDGE.
BACKLINK_PDE_AUDIT	BACKLINKS_ATLAS_NODE	CLAIM_STAGE023_FULL_BUNDLE_RATIO	v06	Paper backlink block references CLAIM_STAGE023_FULL_BUNDLE_RATIO.
BACKLINK_PDE_AUDIT	BACKLINKS_ATLAS_NODE	CLAIM_STAGE024_O3_ISOTROPY	v06	Paper backlink block references CLAIM_STAGE024_O3_ISOTROPY.
BACKLINK_PDE_AUDIT	BACKLINKS_ATLAS_NODE	CLAIM_RESPONSE_READOUT_DISCIPLINE	v06	Paper backlink block references CLAIM_RESPONSE_READOUT_DISCIPLINE.
BACKLINK_PDE_AUDIT	BACKLINKS_ATLAS_NODE	CLAIM_BRANCH_EXPORTER_REQUIRED	v06	Paper backlink block references CLAIM_BRANCH_EXPORTER_REQUIRED.
BACKLINK_PDE_AUDIT	BACKLINKS_ATLAS_NODE	CLAIM_MATERIAL_CLOSURE_GAP	v06	Paper backlink block references CLAIM_MATERIAL_CLOSURE_GAP.
BACKLINK_PDE_AUDIT	BACKLINKS_ATLAS_NODE	MATH_WALL_ACTION_S_ETA	v06	Paper backlink block references MATH_WALL_ACTION_S_ETA.
BACKLINK_PDE_AUDIT	BACKLINKS_ATLAS_NODE	MATH_MAXWELL_WEIGHTED_GAUGE_FIXING	v06	Paper backlink block references MATH_MAXWELL_WEIGHTED_GAUGE_FIXING.
BACKLINK_PDE_AUDIT	BACKLINKS_ATLAS_NODE	MATH_BDG_SCHUR_COMPLEMENT	v06	Paper backlink block references MATH_BDG_SCHUR_COMPLEMENT.
BACKLINK_PDE_AUDIT	BACKLINKS_ATLAS_NODE	MATH_MAXWELL_MIXED_KERNEL	v06	Paper backlink block references MATH_MAXWELL_MIXED_KERNEL.
BACKLINK_PDE_AUDIT	BACKLINKS_SECTION_ANCHOR	SEC_PDE_PARENT_WALL_EXEC	v06	Paper backlink block references source-section anchor SEC_PDE_PARENT_WALL_EXEC.
BACKLINK_PDE_AUDIT	BACKLINKS_SECTION_ANCHOR	SEC_PDE_WALL_VARIATION	v06	Paper backlink block references source-section anchor SEC_PDE_WALL_VARIATION.
BACKLINK_PDE_AUDIT	BACKLINKS_SECTION_ANCHOR	SEC_PDE_MAXWELL_GAUGE	v06	Paper backlink block references source-section anchor SEC_PDE_MAXWELL_GAUGE.
BACKLINK_PDE_AUDIT	BACKLINKS_SECTION_ANCHOR	SEC_PDE_BDG_AUDIT	v06	Paper backlink block references source-section anchor SEC_PDE_BDG_AUDIT.
BACKLINK_PDE_AUDIT	BACKLINKS_SECTION_ANCHOR	SEC_PDE_P2_PROJECTORS	v06	Paper backlink block references source-section anchor SEC_PDE_P2_PROJECTORS.
BACKLINK_PDE_AUDIT	BACKLINKS_SECTION_ANCHOR	SEC_PDE_MIXED_KERNEL	v06	Paper backlink block references source-section anchor SEC_PDE_MIXED_KERNEL.
BACKLINK_PDE_AUDIT	BACKLINKS_SECTION_ANCHOR	SEC_PDE_STF_SOURCE	v06	Paper backlink block references source-section anchor SEC_PDE_STF_SOURCE.
BACKLINK_PDE_AUDIT	BACKLINKS_SECTION_ANCHOR	SEC_PDE_NORM_RATIO	v06	Paper backlink block references source-section anchor SEC_PDE_NORM_RATIO.
BACKLINK_PDE_AUDIT	BACKLINKS_SECTION_ANCHOR	SEC_PDE_BRANCH_FREEZE	v06	Paper backlink block references source-section anchor SEC_PDE_BRANCH_FREEZE.
BACKLINK_PDE_AUDIT	BACKLINKS_SECTION_ANCHOR	SEC_PDE_WEAK_FORM_EXPORTER	v06	Paper backlink block references source-section anchor SEC_PDE_WEAK_FORM_EXPORTER.
BACKLINK_PDE_AUDIT	BACKLINKS_SECTION_ANCHOR	SEC_PDE_BRANCH_FIXTURE	v06	Paper backlink block references source-section anchor SEC_PDE_BRANCH_FIXTURE.
BACKLINK_PDE_AUDIT	BACKLINKS_SECTION_ANCHOR	SEC_PDE_ACTUAL_BRANCH_PACKETS	v06	Paper backlink block references source-section anchor SEC_PDE_ACTUAL_BRANCH_PACKETS.
BACKLINK_PDE_AUDIT	BACKLINKS_SECTION_ANCHOR	SEC_PDE_PHYSICAL_ONTOLOGY	v06	Paper backlink block references source-section anchor SEC_PDE_PHYSICAL_ONTOLOGY.
BACKLINK_PDE_AUDIT	BACKLINKS_SECTION_ANCHOR	SEC_PDE_MATERIAL_GAP	v06	Paper backlink block references source-section anchor SEC_PDE_MATERIAL_GAP.
BACKLINK_PDE_AUDIT	BACKLINKS_SECTION_ANCHOR	SEC_PDE_EM_STATUS	v06	Paper backlink block references source-section anchor SEC_PDE_EM_STATUS.
BACKLINK_PDE_AUDIT	FLAGS_OPEN_GATE	OPEN_PARENT_PROMOTION_S_SIGMA	v06	Paper backlink block flags open gate OPEN_PARENT_PROMOTION_S_SIGMA.
BACKLINK_PDE_AUDIT	FLAGS_OPEN_GATE	OPEN_NONLINEAR_S_SIGMA	v06	Paper backlink block flags open gate OPEN_NONLINEAR_S_SIGMA.
BACKLINK_PDE_AUDIT	FLAGS_OPEN_GATE	OPEN_EXECUTABLE_BRANCH_SOLVER	v06	Paper backlink block flags open gate OPEN_EXECUTABLE_BRANCH_SOLVER.
BACKLINK_PDE_AUDIT	FLAGS_OPEN_GATE	OPEN_ACTUAL_BRANCH_EXPORTER	v06	Paper backlink block flags open gate OPEN_ACTUAL_BRANCH_EXPORTER.
BACKLINK_PDE_AUDIT	FLAGS_OPEN_GATE	OPEN_MATERIAL_CLOSURE	v06	Paper backlink block flags open gate OPEN_MATERIAL_CLOSURE.
BACKLINK_PDE_AUDIT	FLAGS_OPEN_GATE	OPEN_MIXED_RECIRCULATION	v06	Paper backlink block flags open gate OPEN_MIXED_RECIRCULATION.
FILE_ATOM_WORK	HAS_PAPER_BACKLINK_BLOCK	BACKLINK_ATOM_WORK	v06	Paste-ready atlas backlink block prepared in v0.6.
BACKLINK_ATOM_WORK	BACKLINKS_ATLAS_NODE	CLAIM_ATOMIC_HYDROGEN_ZERO_MODE	v06	Paper backlink block references CLAIM_ATOMIC_HYDROGEN_ZERO_MODE.
BACKLINK_ATOM_WORK	BACKLINKS_ATLAS_NODE	CLAIM_ZERO_MODE_MAXWELL_REDUCTION	v06	Paper backlink block references CLAIM_ZERO_MODE_MAXWELL_REDUCTION.
BACKLINK_ATOM_WORK	BACKLINKS_ATLAS_NODE	CLAIM_CHARGE_ONTOLOGY_FIREWALL	v06	Paper backlink block references CLAIM_CHARGE_ONTOLOGY_FIREWALL.
BACKLINK_ATOM_WORK	BACKLINKS_ATLAS_NODE	EQ_QEFF_NORMALIZATION	v06	Paper backlink block references EQ_QEFF_NORMALIZATION.
BACKLINK_ATOM_WORK	BACKLINKS_ATLAS_NODE	PHYS_BRANE_OBSERVER	v06	Paper backlink block references PHYS_BRANE_OBSERVER.
BACKLINK_ATOM_WORK	BACKLINKS_SECTION_ANCHOR	SEC_ATOM_FOUNDATIONS	v06	Paper backlink block references source-section anchor SEC_ATOM_FOUNDATIONS.
BACKLINK_ATOM_WORK	BACKLINKS_SECTION_ANCHOR	SEC_ATOM_HYDROGEN	v06	Paper backlink block references source-section anchor SEC_ATOM_HYDROGEN.
FILE_LEPTON_WORK	HAS_PAPER_BACKLINK_BLOCK	BACKLINK_LEPTON_WORK	v06	Paste-ready atlas backlink block prepared in v0.6.
BACKLINK_LEPTON_WORK	BACKLINKS_ATLAS_NODE	CLAIM_LEPTON_HALF_INTEGER_CONDITIONAL	v06	Paper backlink block references CLAIM_LEPTON_HALF_INTEGER_CONDITIONAL.
BACKLINK_LEPTON_WORK	BACKLINKS_ATLAS_NODE	CLAIM_MIXED_SECTOR_MICROSCOPIC	v06	Paper backlink block references CLAIM_MIXED_SECTOR_MICROSCOPIC.
BACKLINK_LEPTON_WORK	BACKLINKS_ATLAS_NODE	CLAIM_CHARGE_ONTOLOGY_FIREWALL	v06	Paper backlink block references CLAIM_CHARGE_ONTOLOGY_FIREWALL.
BACKLINK_LEPTON_WORK	BACKLINKS_ATLAS_NODE	EQ_LEPTON_HALF_INTEGER	v06	Paper backlink block references EQ_LEPTON_HALF_INTEGER.
BACKLINK_LEPTON_WORK	BACKLINKS_ATLAS_NODE	PHYS_MIXED_EM_CORE	v06	Paper backlink block references PHYS_MIXED_EM_CORE.
BACKLINK_LEPTON_WORK	BACKLINKS_SECTION_ANCHOR	SEC_LEPTON_VERDICT	v06	Paper backlink block references source-section anchor SEC_LEPTON_VERDICT.
BACKLINK_LEPTON_WORK	BACKLINKS_SECTION_ANCHOR	SEC_LEPTON_MIXED_ROTOR	v06	Paper backlink block references source-section anchor SEC_LEPTON_MIXED_ROTOR.
BACKLINK_LEPTON_WORK	FLAGS_OPEN_GATE	OPEN_LEPTON_SPIN_DISCRETIZER	v06	Paper backlink block flags open gate OPEN_LEPTON_SPIN_DISCRETIZER.
BACKLINK_LEPTON_WORK	FLAGS_OPEN_GATE	OPEN_MIXED_RECIRCULATION	v06	Paper backlink block flags open gate OPEN_MIXED_RECIRCULATION.
FILE_LEPTON_MASS	HAS_PAPER_BACKLINK_BLOCK	BACKLINK_LEPTON_MASS	v06	Paste-ready atlas backlink block prepared in v0.6.
BACKLINK_LEPTON_MASS	BACKLINKS_ATLAS_NODE	CLAIM_LEPTON_MASS_REDUCED_LEDGER	v06	Paper backlink block references CLAIM_LEPTON_MASS_REDUCED_LEDGER.
BACKLINK_LEPTON_MASS	BACKLINKS_ATLAS_NODE	EQ_LEPTON_MASS_PARTITION	v06	Paper backlink block references EQ_LEPTON_MASS_PARTITION.
BACKLINK_LEPTON_MASS	BACKLINKS_ATLAS_NODE	PHYS_INTERIOR_SUPPORT	v06	Paper backlink block references PHYS_INTERIOR_SUPPORT.
BACKLINK_LEPTON_MASS	BACKLINKS_ATLAS_NODE	MATH_WALL_MODAL_PDE	v06	Paper backlink block references MATH_WALL_MODAL_PDE.
BACKLINK_LEPTON_MASS	BACKLINKS_SECTION_ANCHOR	SEC_LEPTON_MASS_THEOREM	v06	Paper backlink block references source-section anchor SEC_LEPTON_MASS_THEOREM.
BACKLINK_LEPTON_MASS	FLAGS_OPEN_GATE	OPEN_ACTUAL_BRANCH_EXPORTER	v06	Paper backlink block flags open gate OPEN_ACTUAL_BRANCH_EXPORTER.
FILE_G2_OUTPUT	HAS_PAPER_BACKLINK_BLOCK	BACKLINK_G2_OUTPUT	v06	Paste-ready atlas backlink block prepared in v0.6.
BACKLINK_G2_OUTPUT	BACKLINKS_ATLAS_NODE	CLAIM_G2_COMMON_QUOTIENT	v06	Paper backlink block references CLAIM_G2_COMMON_QUOTIENT.
BACKLINK_G2_OUTPUT	BACKLINKS_ATLAS_NODE	MATH_MONOMIAL_QUOTIENT	v06	Paper backlink block references MATH_MONOMIAL_QUOTIENT.
BACKLINK_G2_OUTPUT	BACKLINKS_ATLAS_NODE	MATH_XI1_PREF_SLOPE	v06	Paper backlink block references MATH_XI1_PREF_SLOPE.
BACKLINK_G2_OUTPUT	BACKLINKS_ATLAS_NODE	EQ_G2_COMMON_TANGENT	v06	Paper backlink block references EQ_G2_COMMON_TANGENT.
BACKLINK_G2_OUTPUT	BACKLINKS_ATLAS_NODE	EQ_XI1_PREF_SLOPE	v06	Paper backlink block references EQ_XI1_PREF_SLOPE.
BACKLINK_G2_OUTPUT	BACKLINKS_ATLAS_NODE	CLAIM_5PN_FULL_BUNDLE_SURFACE	v06	Paper backlink block references CLAIM_5PN_FULL_BUNDLE_SURFACE.
BACKLINK_G2_OUTPUT	BACKLINKS_SECTION_ANCHOR	SEC_G2_QUOTIENT	v06	Paper backlink block references source-section anchor SEC_G2_QUOTIENT.
BACKLINK_G2_OUTPUT	BACKLINKS_SECTION_ANCHOR	SEC_G2_PREF_SLOPE	v06	Paper backlink block references source-section anchor SEC_G2_PREF_SLOPE.
BACKLINK_G2_OUTPUT	FLAGS_OPEN_GATE	OPEN_WEAK_AXISYM_ORBIT_LOCK	v06	Paper backlink block flags open gate OPEN_WEAK_AXISYM_ORBIT_LOCK.
VIEW_PAPER_BACKLINK_LAYER_V06	CONTAINS_BACKLINK_BLOCK	BACKLINK_4D_PARENT	v06	v0.6 paper backlink layer item.
VIEW_PAPER_BACKLINK_LAYER_V06	CONTAINS_BACKLINK_BLOCK	BACKLINK_EM_FIELDS	v06	v0.6 paper backlink layer item.
VIEW_PAPER_BACKLINK_LAYER_V06	CONTAINS_BACKLINK_BLOCK	BACKLINK_PLASMA	v06	v0.6 paper backlink layer item.
VIEW_PAPER_BACKLINK_LAYER_V06	CONTAINS_BACKLINK_BLOCK	BACKLINK_1PN_BRIDGE	v06	v0.6 paper backlink layer item.
VIEW_PAPER_BACKLINK_LAYER_V06	CONTAINS_BACKLINK_BLOCK	BACKLINK_1PN_FULL	v06	v0.6 paper backlink layer item.
VIEW_PAPER_BACKLINK_LAYER_V06	CONTAINS_BACKLINK_BLOCK	BACKLINK_2PN_FULL	v06	v0.6 paper backlink layer item.
VIEW_PAPER_BACKLINK_LAYER_V06	CONTAINS_BACKLINK_BLOCK	BACKLINK_25PN	v06	v0.6 paper backlink layer item.
VIEW_PAPER_BACKLINK_LAYER_V06	CONTAINS_BACKLINK_BLOCK	BACKLINK_3PN_FULL	v06	v0.6 paper backlink layer item.
VIEW_PAPER_BACKLINK_LAYER_V06	CONTAINS_BACKLINK_BLOCK	BACKLINK_4PN_FULL	v06	v0.6 paper backlink layer item.
VIEW_PAPER_BACKLINK_LAYER_V06	CONTAINS_BACKLINK_BLOCK	BACKLINK_5PN_FULL	v06	v0.6 paper backlink layer item.
VIEW_PAPER_BACKLINK_LAYER_V06	CONTAINS_BACKLINK_BLOCK	BACKLINK_MOVING_THROAT_COMPACT	v06	v0.6 paper backlink layer item.
VIEW_PAPER_BACKLINK_LAYER_V06	CONTAINS_BACKLINK_BLOCK	BACKLINK_PDE_AUDIT	v06	v0.6 paper backlink layer item.
VIEW_PAPER_BACKLINK_LAYER_V06	CONTAINS_BACKLINK_BLOCK	BACKLINK_ATOM_WORK	v06	v0.6 paper backlink layer item.
VIEW_PAPER_BACKLINK_LAYER_V06	CONTAINS_BACKLINK_BLOCK	BACKLINK_LEPTON_WORK	v06	v0.6 paper backlink layer item.
VIEW_PAPER_BACKLINK_LAYER_V06	CONTAINS_BACKLINK_BLOCK	BACKLINK_LEPTON_MASS	v06	v0.6 paper backlink layer item.
VIEW_PAPER_BACKLINK_LAYER_V06	CONTAINS_BACKLINK_BLOCK	BACKLINK_G2_OUTPUT	v06	v0.6 paper backlink layer item.
ATLAS_CURRENT_READINESS_V06	INCLUDES	VIEW_PAPER_BACKLINK_LAYER_V06	v06	Paper backlink layer is now represented.
ATLAS_CURRENT_READINESS_V06	FLAGS_REMAINING_GATE	OPEN_ACTUAL_BRANCH_EXPORTER	v06	Still open after v0.6 organization pass.
ATLAS_CURRENT_READINESS_V06	FLAGS_REMAINING_GATE	OPEN_QUAD_NORMALIZATION	v06	Still open after v0.6 organization pass.
ATLAS_CURRENT_READINESS_V06	FLAGS_REMAINING_GATE	OPEN_PARENT_PROMOTION_S_SIGMA	v06	Still open after v0.6 organization pass.
ATLAS_CURRENT_READINESS_V06	FLAGS_REMAINING_GATE	OPEN_EXECUTABLE_BRANCH_SOLVER	v06	Still open after v0.6 organization pass.
ATLAS_CURRENT_READINESS_V06	FLAGS_REMAINING_GATE	OPEN_MATERIAL_CLOSURE	v06	Still open after v0.6 organization pass.
ATLAS_CURRENT_READINESS_V06	FLAGS_REMAINING_GATE	OPEN_WEAK_AXISYM_ORBIT_LOCK	v06	Still open after v0.6 organization pass.
QUERY_4PN_TAIL_BLOCKER	STARTS_AT	CLAIM_4PN_LOCAL_CLOSED_TAIL_CONDITIONAL	v06	Query validation start node.
QUERY_4PN_TAIL_BLOCKER	EXPECTS_TARGET	OPEN_QUAD_NORMALIZATION	v06	Query validation expected target node.
QUERY_ZERO_MODE_DOWNSTREAM	STARTS_AT	CLAIM_ZERO_MODE_MAXWELL_REDUCTION	v06	Query validation start node.
QUERY_ZERO_MODE_DOWNSTREAM	EXPECTS_TARGET	CLAIM_ATOMIC_HYDROGEN_ZERO_MODE	v06	Query validation expected target node.
QUERY_P2_BECOMES_PHYSICAL	STARTS_AT	CLAIM_STAGE1_GEOMETRY_LIFT	v06	Query validation start node.
QUERY_P2_BECOMES_PHYSICAL	EXPECTS_TARGET	CLAIM_STAGE024_O3_ISOTROPY	v06	Query validation expected target node.
QUERY_PARENT_WALL_STATUS	STARTS_AT	CLAIM_PARENT_WALL_STATUS_SPLIT	v06	Query validation start node.
QUERY_PARENT_WALL_STATUS	EXPECTS_TARGET	OPEN_PARENT_PROMOTION_S_SIGMA	v06	Query validation expected target node.
QUERY_READOUT_DISCIPLINE	STARTS_AT	CLAIM_RESPONSE_READOUT_DISCIPLINE	v06	Query validation start node.
QUERY_READOUT_DISCIPLINE	EXPECTS_TARGET	OPEN_ACTUAL_BRANCH_EXPORTER	v06	Query validation expected target node.
QUERY_G2_XI1	STARTS_AT	CLAIM_G2_COMMON_QUOTIENT	v06	Query validation start node.
QUERY_G2_XI1	EXPECTS_TARGET	MATH_XI1_PREF_SLOPE	v06	Query validation expected target node.
QUERY_MIXED_SECTOR	STARTS_AT	CLAIM_MIXED_SECTOR_MICROSCOPIC	v06	Query validation start node.
QUERY_MIXED_SECTOR	EXPECTS_TARGET	CLAIM_PROJECTED_EM_OUTGOING_BRIDGE	v06	Query validation expected target node.
QUERY_MATERIAL_CLOSURE	STARTS_AT	CLAIM_MATERIAL_CLOSURE_GAP	v06	Query validation start node.
QUERY_MATERIAL_CLOSURE	EXPECTS_TARGET	OPEN_MATERIAL_CLOSURE	v06	Query validation expected target node.
NEG_QUERY_CHARGE_FROM_CIRCULATION	STARTS_AT	PHYS_MAGNETIC_VORTICAL_CIRCULATION	v07	Negative query starts from PHYS_MAGNETIC_VORTICAL_CIRCULATION.
NEG_QUERY_CHARGE_FROM_CIRCULATION	FORBIDS_TARGET	INVALID_CHARGE_FROM_CIRCULATION	v07	This query is designed to block this invalid inference.
NEG_QUERY_CHARGE_FROM_CIRCULATION	PROTECTED_BY	FIREWALL_CHARGE_NOT_CIRCULATION	v07	Negative query is protected by a status-firewall rule.
FIREWALL_CHARGE_NOT_CIRCULATION	GUARDS_AGAINST	INVALID_CHARGE_FROM_CIRCULATION	v07	Do not identify circulation, throat geometry, or magnetic/vortical winding with electric charge sign.
FIREWALL_CHARGE_NOT_CIRCULATION	PROTECTS_STATUS_OF	CLAIM_CHARGE_ONTOLOGY_FIREWALL	v07	Firewall preserves this correct status boundary.
FIREWALL_CHARGE_NOT_CIRCULATION	PROTECTS_STATUS_OF	PHYS_CHARGE_BRANCH	v07	Firewall preserves this correct status boundary.
FIREWALL_CHARGE_NOT_CIRCULATION	PROTECTS_STATUS_OF	MATH_QSTAR_QEFF	v07	Firewall preserves this correct status boundary.
FIREWALL_CHARGE_NOT_CIRCULATION	ANCHORED_IN	FILE_4D_PARENT	v07	Firewall is anchored in this source/file/section.
FIREWALL_CHARGE_NOT_CIRCULATION	ANCHORED_IN	FILE_EM_FIELDS	v07	Firewall is anchored in this source/file/section.
FIREWALL_CHARGE_NOT_CIRCULATION	ANCHORED_IN	SEC_4D_CHARGE_BOOKKEEPING	v07	Firewall is anchored in this source/file/section.
FIREWALL_CHARGE_NOT_CIRCULATION	ANCHORED_IN	SEC_EM_CHARGE_ONTOLOGY	v07	Firewall is anchored in this source/file/section.
NEG_QUERY_QEFF_FROM_THROAT_GEOMETRY	STARTS_AT	PHYS_BRANE_BULK_THROAT_DEFECT	v07	Negative query starts from PHYS_BRANE_BULK_THROAT_DEFECT.
NEG_QUERY_QEFF_FROM_THROAT_GEOMETRY	FORBIDS_TARGET	INVALID_QEFF_FROM_GEOMETRY_BREATHING	v07	This query is designed to block this invalid inference.
NEG_QUERY_QEFF_FROM_THROAT_GEOMETRY	PROTECTED_BY	FIREWALL_QEFF_THICKNESS_NOT_BREATHING	v07	Negative query is protected by a status-firewall rule.
FIREWALL_QEFF_THICKNESS_NOT_BREATHING	GUARDS_AGAINST	INVALID_QEFF_FROM_GEOMETRY_BREATHING	v07	Keep microscopic branch charge q_star and observed brane coupling q_eff separate from throat radius/length dynamics.
FIREWALL_QEFF_THICKNESS_NOT_BREATHING	PROTECTS_STATUS_OF	EQ_QEFF_NORMALIZATION	v07	Firewall preserves this correct status boundary.
FIREWALL_QEFF_THICKNESS_NOT_BREATHING	PROTECTS_STATUS_OF	MATH_QSTAR_QEFF	v07	Firewall preserves this correct status boundary.
FIREWALL_QEFF_THICKNESS_NOT_BREATHING	PROTECTS_STATUS_OF	CLAIM_CHARGE_ONTOLOGY_FIREWALL	v07	Firewall preserves this correct status boundary.
FIREWALL_QEFF_THICKNESS_NOT_BREATHING	ANCHORED_IN	FILE_4D_PARENT	v07	Firewall is anchored in this source/file/section.
FIREWALL_QEFF_THICKNESS_NOT_BREATHING	ANCHORED_IN	FILE_EM_FIELDS	v07	Firewall is anchored in this source/file/section.
FIREWALL_QEFF_THICKNESS_NOT_BREATHING	ANCHORED_IN	SEC_EM_QEFF	v07	Firewall is anchored in this source/file/section.
NEG_QUERY_KAPPARHO_AS_ELECTRIC_CHARGE	STARTS_AT	CLAIM_1PN_EIH_WITHIN_HIERARCHY	v07	Negative query starts from CLAIM_1PN_EIH_WITHIN_HIERARCHY.
NEG_QUERY_KAPPARHO_AS_ELECTRIC_CHARGE	FORBIDS_TARGET	INVALID_KAPPARHO_ELECTRIC_CHARGE	v07	This query is designed to block this invalid inference.
NEG_QUERY_KAPPARHO_AS_ELECTRIC_CHARGE	PROTECTED_BY	FIREWALL_KAPPARHO_NOT_CHARGE	v07	Negative query is protected by a status-firewall rule.
FIREWALL_KAPPARHO_NOT_CHARGE	GUARDS_AGAINST	INVALID_KAPPARHO_ELECTRIC_CHARGE	v07	Do not recycle the historical gravity-side q=1 notation as electromagnetic charge.
FIREWALL_KAPPARHO_NOT_CHARGE	PROTECTS_STATUS_OF	CLAIM_CHARGE_ONTOLOGY_FIREWALL	v07	Firewall preserves this correct status boundary.
FIREWALL_KAPPARHO_NOT_CHARGE	PROTECTS_STATUS_OF	CLAIM_1PN_EIH_WITHIN_HIERARCHY	v07	Firewall preserves this correct status boundary.
FIREWALL_KAPPARHO_NOT_CHARGE	ANCHORED_IN	FILE_1PN_FULL	v07	Firewall is anchored in this source/file/section.
FIREWALL_KAPPARHO_NOT_CHARGE	ANCHORED_IN	FILE_2PN_FULL	v07	Firewall is anchored in this source/file/section.
FIREWALL_KAPPARHO_NOT_CHARGE	ANCHORED_IN	SEC_4D_CHARGE_BOOKKEEPING	v07	Firewall is anchored in this source/file/section.
NEG_QUERY_ZERO_MODE_ERASES_MIXED_CORE	STARTS_AT	CLAIM_ZERO_MODE_MAXWELL_REDUCTION	v07	Negative query starts from CLAIM_ZERO_MODE_MAXWELL_REDUCTION.
NEG_QUERY_ZERO_MODE_ERASES_MIXED_CORE	FORBIDS_TARGET	INVALID_ZERO_MODE_REMOVES_MIXED	v07	This query is designed to block this invalid inference.
NEG_QUERY_ZERO_MODE_ERASES_MIXED_CORE	PROTECTED_BY	FIREWALL_ZERO_MODE_NOT_MIXED_ERASURE	v07	Negative query is protected by a status-firewall rule.
FIREWALL_ZERO_MODE_NOT_MIXED_ERASURE	GUARDS_AGAINST	INVALID_ZERO_MODE_REMOVES_MIXED	v07	Treat A_w, J^w, F_{mu w}, E_w, and C_a as suppressed in the brane limit, not deleted.
FIREWALL_ZERO_MODE_NOT_MIXED_ERASURE	PROTECTS_STATUS_OF	CLAIM_ZERO_MODE_MAXWELL_REDUCTION	v07	Firewall preserves this correct status boundary.
FIREWALL_ZERO_MODE_NOT_MIXED_ERASURE	PROTECTS_STATUS_OF	CLAIM_MIXED_SECTOR_MICROSCOPIC	v07	Firewall preserves this correct status boundary.
FIREWALL_ZERO_MODE_NOT_MIXED_ERASURE	PROTECTS_STATUS_OF	PHYS_MIXED_EM_CORE	v07	Firewall preserves this correct status boundary.
FIREWALL_ZERO_MODE_NOT_MIXED_ERASURE	ANCHORED_IN	FILE_EM_FIELDS	v07	Firewall is anchored in this source/file/section.
FIREWALL_ZERO_MODE_NOT_MIXED_ERASURE	ANCHORED_IN	FILE_PLASMA	v07	Firewall is anchored in this source/file/section.
FIREWALL_ZERO_MODE_NOT_MIXED_ERASURE	ANCHORED_IN	SEC_EM_ZERO_MODE	v07	Firewall is anchored in this source/file/section.
FIREWALL_ZERO_MODE_NOT_MIXED_ERASURE	ANCHORED_IN	SEC_PLASMA_MIXED_FIELDS	v07	Firewall is anchored in this source/file/section.
NEG_QUERY_PROJECTION_EQUALS_REDUCTION	STARTS_AT	MATH_W_PROJECTION	v07	Negative query starts from MATH_W_PROJECTION.
NEG_QUERY_PROJECTION_EQUALS_REDUCTION	FORBIDS_TARGET	INVALID_PROJECTION_EQUALS_REDUCTION	v07	This query is designed to block this invalid inference.
NEG_QUERY_PROJECTION_EQUALS_REDUCTION	PROTECTED_BY	FIREWALL_PROJECTION_NOT_REDUCTION	v07	Negative query is protected by a status-firewall rule.
FIREWALL_PROJECTION_NOT_REDUCTION	GUARDS_AGAINST	INVALID_PROJECTION_EQUALS_REDUCTION	v07	Projection is an exact measurement definition; reduction is a controlled dynamical simplification.
FIREWALL_PROJECTION_NOT_REDUCTION	PROTECTS_STATUS_OF	CLAIM_PROJECTION_OPEN_BRANE_SYSTEM	v07	Firewall preserves this correct status boundary.
FIREWALL_PROJECTION_NOT_REDUCTION	PROTECTS_STATUS_OF	MATH_W_PROJECTION	v07	Firewall preserves this correct status boundary.
FIREWALL_PROJECTION_NOT_REDUCTION	PROTECTS_STATUS_OF	CLAIM_ZERO_MODE_MAXWELL_REDUCTION	v07	Firewall preserves this correct status boundary.
FIREWALL_PROJECTION_NOT_REDUCTION	ANCHORED_IN	FILE_4D_PARENT	v07	Firewall is anchored in this source/file/section.
FIREWALL_PROJECTION_NOT_REDUCTION	ANCHORED_IN	FILE_PLASMA	v07	Firewall is anchored in this source/file/section.
FIREWALL_PROJECTION_NOT_REDUCTION	ANCHORED_IN	SEC_4D_PROJECTION_REDUCTION	v07	Firewall is anchored in this source/file/section.
FIREWALL_PROJECTION_NOT_REDUCTION	ANCHORED_IN	SEC_PLASMA_Z_VS_W	v07	Firewall is anchored in this source/file/section.
NEG_QUERY_CURRENT_PARENT_HAS_AUTONOMOUS_WALL_PDE	STARTS_AT	MATH_PARENT_ACTION_CURRENT	v07	Negative query starts from MATH_PARENT_ACTION_CURRENT.
NEG_QUERY_CURRENT_PARENT_HAS_AUTONOMOUS_WALL_PDE	FORBIDS_TARGET	INVALID_CURRENT_PARENT_HAS_AUTONOMOUS_WALL_PDE	v07	This query is designed to block this invalid inference.
NEG_QUERY_CURRENT_PARENT_HAS_AUTONOMOUS_WALL_PDE	PROTECTED_BY	FIREWALL_PARENT_WALL_NOT_STRICT	v07	Negative query is protected by a status-firewall rule.
FIREWALL_PARENT_WALL_NOT_STRICT	GUARDS_AGAINST	INVALID_CURRENT_PARENT_HAS_AUTONOMOUS_WALL_PDE	v07	Do not upgrade the moving-wall PDE to strict parent-level status unless S_eta/S_Sigma is included.
FIREWALL_PARENT_WALL_NOT_STRICT	PROTECTS_STATUS_OF	CLAIM_PARENT_WALL_STATUS_SPLIT	v07	Firewall preserves this correct status boundary.
FIREWALL_PARENT_WALL_NOT_STRICT	PROTECTS_STATUS_OF	OPEN_PARENT_PROMOTION_S_SIGMA	v07	Firewall preserves this correct status boundary.
FIREWALL_PARENT_WALL_NOT_STRICT	PROTECTS_STATUS_OF	MATH_WALL_ACTION_S_ETA	v07	Firewall preserves this correct status boundary.
FIREWALL_PARENT_WALL_NOT_STRICT	ANCHORED_IN	FILE_PDE_AUDIT	v07	Firewall is anchored in this source/file/section.
FIREWALL_PARENT_WALL_NOT_STRICT	ANCHORED_IN	SEC_PDE_WALL_VARIATION	v07	Firewall is anchored in this source/file/section.
FIREWALL_PARENT_WALL_NOT_STRICT	ANCHORED_IN	SEC_PDE_PARENT_WALL_EXEC	v07	Firewall is anchored in this source/file/section.
NEG_QUERY_WALL_COEFFS_ARE_FIT_KNOBS	STARTS_AT	MATH_WALL_ACTION_S_ETA	v07	Negative query starts from MATH_WALL_ACTION_S_ETA.
NEG_QUERY_WALL_COEFFS_ARE_FIT_KNOBS	FORBIDS_TARGET	INVALID_WALL_COEFFS_POSTHOC_FITS	v07	This query is designed to block this invalid inference.
NEG_QUERY_WALL_COEFFS_ARE_FIT_KNOBS	PROTECTED_BY	FIREWALL_WALL_COEFFS_BRANCH_DATA	v07	Negative query is protected by a status-firewall rule.
FIREWALL_WALL_COEFFS_BRANCH_DATA	GUARDS_AGAINST	INVALID_WALL_COEFFS_POSTHOC_FITS	v07	Treat wall constitutive coefficients as computed/constrained branch data, not as adjustable rescue parameters.
FIREWALL_WALL_COEFFS_BRANCH_DATA	PROTECTS_STATUS_OF	MATH_WALL_ACTION_S_ETA	v07	Firewall preserves this correct status boundary.
FIREWALL_WALL_COEFFS_BRANCH_DATA	PROTECTS_STATUS_OF	OPEN_NONLINEAR_S_SIGMA	v07	Firewall preserves this correct status boundary.
FIREWALL_WALL_COEFFS_BRANCH_DATA	PROTECTS_STATUS_OF	CLAIM_PARENT_WALL_STATUS_SPLIT	v07	Firewall preserves this correct status boundary.
FIREWALL_WALL_COEFFS_BRANCH_DATA	ANCHORED_IN	FILE_PDE_AUDIT	v07	Firewall is anchored in this source/file/section.
FIREWALL_WALL_COEFFS_BRANCH_DATA	ANCHORED_IN	SEC_PDE_PARENT_WALL_EXEC	v07	Firewall is anchored in this source/file/section.
NEG_QUERY_LOCAL_4PN_CLOSES_FULL_TAIL	STARTS_AT	CLAIM_4PN_LOCAL_CLOSED_TAIL_CONDITIONAL	v07	Negative query starts from CLAIM_4PN_LOCAL_CLOSED_TAIL_CONDITIONAL.
NEG_QUERY_LOCAL_4PN_CLOSES_FULL_TAIL	FORBIDS_TARGET	INVALID_4PN_LOCAL_IMPLIES_FULL_TAIL	v07	This query is designed to block this invalid inference.
NEG_QUERY_LOCAL_4PN_CLOSES_FULL_TAIL	PROTECTED_BY	FIREWALL_4PN_LOCAL_NOT_FULL_TAIL	v07	Negative query is protected by a status-firewall rule.
FIREWALL_4PN_LOCAL_NOT_FULL_TAIL	GUARDS_AGAINST	INVALID_4PN_LOCAL_IMPLIES_FULL_TAIL	v07	Keep local instantaneous 4PN closure separate from the inherited passive/outgoing quadrupole normalization gate.
FIREWALL_4PN_LOCAL_NOT_FULL_TAIL	PROTECTS_STATUS_OF	CLAIM_4PN_LOCAL_CLOSED_TAIL_CONDITIONAL	v07	Firewall preserves this correct status boundary.
FIREWALL_4PN_LOCAL_NOT_FULL_TAIL	PROTECTS_STATUS_OF	OPEN_QUAD_NORMALIZATION	v07	Firewall preserves this correct status boundary.
FIREWALL_4PN_LOCAL_NOT_FULL_TAIL	PROTECTS_STATUS_OF	EQ_4PN_TAIL_BRIDGE	v07	Firewall preserves this correct status boundary.
FIREWALL_4PN_LOCAL_NOT_FULL_TAIL	ANCHORED_IN	FILE_4PN_FULL	v07	Firewall is anchored in this source/file/section.
FIREWALL_4PN_LOCAL_NOT_FULL_TAIL	ANCHORED_IN	FILE_2_5PN	v07	Firewall is anchored in this source/file/section.
FIREWALL_4PN_LOCAL_NOT_FULL_TAIL	ANCHORED_IN	SEC_4PN_TAIL_BRIDGE	v07	Firewall is anchored in this source/file/section.
FIREWALL_4PN_LOCAL_NOT_FULL_TAIL	ANCHORED_IN	SEC_25PN_OPEN	v07	Firewall is anchored in this source/file/section.
NEG_QUERY_25PN_UNCONDITIONAL	STARTS_AT	CLAIM_25PN_QUAD_NARROWING	v07	Negative query starts from CLAIM_25PN_QUAD_NARROWING.
NEG_QUERY_25PN_UNCONDITIONAL	FORBIDS_TARGET	INVALID_25PN_UNCONDITIONAL_THEOREM	v07	This query is designed to block this invalid inference.
NEG_QUERY_25PN_UNCONDITIONAL	PROTECTED_BY	FIREWALL_25PN_CONDITIONAL	v07	Negative query is protected by a status-firewall rule.
FIREWALL_25PN_CONDITIONAL	GUARDS_AGAINST	INVALID_25PN_UNCONDITIONAL_THEOREM	v07	Preserve the conditional theorem status of 2.5PN until actual branch normalization is realized.
FIREWALL_25PN_CONDITIONAL	PROTECTS_STATUS_OF	CLAIM_25PN_QUAD_NARROWING	v07	Firewall preserves this correct status boundary.
FIREWALL_25PN_CONDITIONAL	PROTECTS_STATUS_OF	OPEN_QUAD_NORMALIZATION	v07	Firewall preserves this correct status boundary.
FIREWALL_25PN_CONDITIONAL	PROTECTS_STATUS_OF	PN_2_5_QUAD_NARROWING	v07	Firewall preserves this correct status boundary.
FIREWALL_25PN_CONDITIONAL	ANCHORED_IN	FILE_2_5PN	v07	Firewall is anchored in this source/file/section.
FIREWALL_25PN_CONDITIONAL	ANCHORED_IN	SEC_25PN_CLAIMS	v07	Firewall is anchored in this source/file/section.
FIREWALL_25PN_CONDITIONAL	ANCHORED_IN	SEC_25PN_OPEN	v07	Firewall is anchored in this source/file/section.
NEG_QUERY_STF_ANGULAR_MAP_CLOSES_RADIAL_NORMALIZATION	STARTS_AT	MATH_STF_SOURCE_MAP	v07	Negative query starts from MATH_STF_SOURCE_MAP.
NEG_QUERY_STF_ANGULAR_MAP_CLOSES_RADIAL_NORMALIZATION	FORBIDS_TARGET	INVALID_STF_ANGULAR_MAP_CLOSES_RADIAL_NORM	v07	This query is designed to block this invalid inference.
NEG_QUERY_STF_ANGULAR_MAP_CLOSES_RADIAL_NORMALIZATION	PROTECTED_BY	FIREWALL_ANGULAR_NOT_RADIAL	v07	Negative query is protected by a status-firewall rule.
FIREWALL_ANGULAR_NOT_RADIAL	GUARDS_AGAINST	INVALID_STF_ANGULAR_MAP_CLOSES_RADIAL_NORM	v07	Do not convert the exact angular identity mhat_ang=1 into a solved radial/axial normalization theorem.
FIREWALL_ANGULAR_NOT_RADIAL	PROTECTS_STATUS_OF	MATH_STF_SOURCE_MAP	v07	Firewall preserves this correct status boundary.
FIREWALL_ANGULAR_NOT_RADIAL	PROTECTS_STATUS_OF	OPEN_SOURCE_PORT_NORMALIZATION	v07	Firewall preserves this correct status boundary.
FIREWALL_ANGULAR_NOT_RADIAL	PROTECTS_STATUS_OF	OPEN_QUAD_NORMALIZATION	v07	Firewall preserves this correct status boundary.
FIREWALL_ANGULAR_NOT_RADIAL	ANCHORED_IN	FILE_MOVING_THROAT_STAGES	v07	Firewall is anchored in this source/file/section.
FIREWALL_ANGULAR_NOT_RADIAL	ANCHORED_IN	SEC_PDE_STF_SOURCE	v07	Firewall is anchored in this source/file/section.
FIREWALL_ANGULAR_NOT_RADIAL	ANCHORED_IN	SEC_25PN_STF_MAP	v07	Firewall is anchored in this source/file/section.
NEG_QUERY_READOUTS_ARE_PHYSICAL_THROAT	STARTS_AT	READOUT_D0_C_P0_N2_N4	v07	Negative query starts from READOUT_D0_C_P0_N2_N4.
NEG_QUERY_READOUTS_ARE_PHYSICAL_THROAT	FORBIDS_TARGET	INVALID_READOUTS_ARE_PHYSICAL_THROAT	v07	This query is designed to block this invalid inference.
NEG_QUERY_READOUTS_ARE_PHYSICAL_THROAT	PROTECTED_BY	FIREWALL_READOUTS_NOT_THROAT	v07	Negative query is protected by a status-firewall rule.
FIREWALL_READOUTS_NOT_THROAT	GUARDS_AGAINST	INVALID_READOUTS_ARE_PHYSICAL_THROAT	v07	Keep response packets downstream of the physical throat, mouth, support, mixed, and outgoing branch data.
FIREWALL_READOUTS_NOT_THROAT	PROTECTS_STATUS_OF	CLAIM_RESPONSE_READOUT_DISCIPLINE	v07	Firewall preserves this correct status boundary.
FIREWALL_READOUTS_NOT_THROAT	PROTECTS_STATUS_OF	PHYS_RESPONSE_READOUTS	v07	Firewall preserves this correct status boundary.
FIREWALL_READOUTS_NOT_THROAT	PROTECTS_STATUS_OF	OPEN_ACTUAL_BRANCH_EXPORTER	v07	Firewall preserves this correct status boundary.
FIREWALL_READOUTS_NOT_THROAT	ANCHORED_IN	FILE_PDE_AUDIT	v07	Firewall is anchored in this source/file/section.
NEG_QUERY_HYDROGEN_FULL_MOVING_THROAT_THEOREM	STARTS_AT	CLAIM_ATOMIC_HYDROGEN_ZERO_MODE	v07	Negative query starts from CLAIM_ATOMIC_HYDROGEN_ZERO_MODE.
NEG_QUERY_HYDROGEN_FULL_MOVING_THROAT_THEOREM	FORBIDS_TARGET	INVALID_HYDROGEN_FULL_PDE_THEOREM	v07	This query is designed to block this invalid inference.
NEG_QUERY_HYDROGEN_FULL_MOVING_THROAT_THEOREM	PROTECTED_BY	FIREWALL_ATOM_REDUCED_SECTOR	v07	Negative query is protected by a status-firewall rule.
FIREWALL_ATOM_REDUCED_SECTOR	GUARDS_AGAINST	INVALID_HYDROGEN_FULL_PDE_THEOREM	v07	Label atomic hydrogen as a reduced-sector consequence, not a completed full-defect PDE theorem.
FIREWALL_ATOM_REDUCED_SECTOR	PROTECTS_STATUS_OF	CLAIM_ATOMIC_HYDROGEN_ZERO_MODE	v07	Firewall preserves this correct status boundary.
FIREWALL_ATOM_REDUCED_SECTOR	PROTECTS_STATUS_OF	ATOM_HYDROGEN_ZERO_MODE	v07	Firewall preserves this correct status boundary.
FIREWALL_ATOM_REDUCED_SECTOR	PROTECTS_STATUS_OF	OPEN_ACTUAL_BRANCH_EXPORTER	v07	Firewall preserves this correct status boundary.
FIREWALL_ATOM_REDUCED_SECTOR	ANCHORED_IN	FILE_ATOM_WORK	v07	Firewall is anchored in this source/file/section.
FIREWALL_ATOM_REDUCED_SECTOR	ANCHORED_IN	SEC_ATOM_HYDROGEN	v07	Firewall is anchored in this source/file/section.
FIREWALL_ATOM_REDUCED_SECTOR	ANCHORED_IN	SEC_ATOM_FOUNDATIONS	v07	Firewall is anchored in this source/file/section.
NEG_QUERY_LEPTON_HALF_INTEGER_PROVED	STARTS_AT	CLAIM_LEPTON_HALF_INTEGER_CONDITIONAL	v07	Negative query starts from CLAIM_LEPTON_HALF_INTEGER_CONDITIONAL.
NEG_QUERY_LEPTON_HALF_INTEGER_PROVED	FORBIDS_TARGET	INVALID_LEPTON_HALF_INTEGER_PROVED	v07	This query is designed to block this invalid inference.
NEG_QUERY_LEPTON_HALF_INTEGER_PROVED	PROTECTED_BY	FIREWALL_LEPTON_CONDITIONAL	v07	Negative query is protected by a status-firewall rule.
FIREWALL_LEPTON_CONDITIONAL	GUARDS_AGAINST	INVALID_LEPTON_HALF_INTEGER_PROVED	v07	Keep the lepton same-charge quantizer as a conditional theorem until the autonomous/recirculation closure is file-grounded.
FIREWALL_LEPTON_CONDITIONAL	PROTECTS_STATUS_OF	CLAIM_LEPTON_HALF_INTEGER_CONDITIONAL	v07	Firewall preserves this correct status boundary.
FIREWALL_LEPTON_CONDITIONAL	PROTECTS_STATUS_OF	OPEN_LEPTON_SPIN_DISCRETIZER	v07	Firewall preserves this correct status boundary.
FIREWALL_LEPTON_CONDITIONAL	PROTECTS_STATUS_OF	LEPTON_MIXED_BERRY_ROTOR	v07	Firewall preserves this correct status boundary.
FIREWALL_LEPTON_CONDITIONAL	ANCHORED_IN	FILE_LEPTON_WORK	v07	Firewall is anchored in this source/file/section.
FIREWALL_LEPTON_CONDITIONAL	ANCHORED_IN	SEC_LEPTON_VERDICT	v07	Firewall is anchored in this source/file/section.
FIREWALL_LEPTON_CONDITIONAL	ANCHORED_IN	SEC_LEPTON_MIXED_ROTOR	v07	Firewall is anchored in this source/file/section.
NEG_QUERY_SIMILARITY_ORBIT_SOLVES_FULL_5PN	STARTS_AT	MT_V2_18_MONOMIAL_ORBIT	v07	Negative query starts from MT_V2_18_MONOMIAL_ORBIT.
NEG_QUERY_SIMILARITY_ORBIT_SOLVES_FULL_5PN	FORBIDS_TARGET	INVALID_SIMILARITY_ORBIT_SOLVES_FULL_5PN	v07	This query is designed to block this invalid inference.
NEG_QUERY_SIMILARITY_ORBIT_SOLVES_FULL_5PN	PROTECTED_BY	FIREWALL_SIMILARITY_NOT_FULL_5PN	v07	Negative query is protected by a status-firewall rule.
FIREWALL_SIMILARITY_NOT_FULL_5PN	GUARDS_AGAINST	INVALID_SIMILARITY_ORBIT_SOLVES_FULL_5PN	v07	Treat the similarity/orbit theorem as a normalization-defect theorem, not as closure of the separate conservative even gates.
FIREWALL_SIMILARITY_NOT_FULL_5PN	PROTECTS_STATUS_OF	CLAIM_5PN_FULL_BUNDLE_SURFACE	v07	Firewall preserves this correct status boundary.
FIREWALL_SIMILARITY_NOT_FULL_5PN	PROTECTS_STATUS_OF	OPEN_5PN_EVEN_GATES	v07	Firewall preserves this correct status boundary.
FIREWALL_SIMILARITY_NOT_FULL_5PN	PROTECTS_STATUS_OF	MT_V2_18_MONOMIAL_ORBIT	v07	Firewall preserves this correct status boundary.
FIREWALL_SIMILARITY_NOT_FULL_5PN	ANCHORED_IN	FILE_5PN_FULL	v07	Firewall is anchored in this source/file/section.
FIREWALL_SIMILARITY_NOT_FULL_5PN	ANCHORED_IN	SEC_5PN_STAGE15_XI	v07	Firewall is anchored in this source/file/section.
FIREWALL_SIMILARITY_NOT_FULL_5PN	ANCHORED_IN	SEC_5PN_STAGE20_EVEN_GATES	v07	Firewall is anchored in this source/file/section.
NEG_QUERY_G2_COMMON_LAYER_CLOSED	STARTS_AT	CLAIM_G2_COMMON_QUOTIENT	v07	Negative query starts from CLAIM_G2_COMMON_QUOTIENT.
NEG_QUERY_G2_COMMON_LAYER_CLOSED	FORBIDS_TARGET	INVALID_G2_COMMON_LAYER_CLOSED	v07	This query is designed to block this invalid inference.
NEG_QUERY_G2_COMMON_LAYER_CLOSED	PROTECTED_BY	FIREWALL_G2_COMMON_CONDITIONAL	v07	Negative query is protected by a status-firewall rule.
FIREWALL_G2_COMMON_CONDITIONAL	GUARDS_AGAINST	INVALID_G2_COMMON_LAYER_CLOSED	v07	Preserve the common-layer status as a sharp conditional target until the actual moving-throat branch tangent is computed.
FIREWALL_G2_COMMON_CONDITIONAL	PROTECTS_STATUS_OF	CLAIM_G2_COMMON_QUOTIENT	v07	Firewall preserves this correct status boundary.
FIREWALL_G2_COMMON_CONDITIONAL	PROTECTS_STATUS_OF	OPEN_G2_COMMON_LAYER	v07	Firewall preserves this correct status boundary.
FIREWALL_G2_COMMON_CONDITIONAL	PROTECTS_STATUS_OF	MATH_XI1_PREF_SLOPE	v07	Firewall preserves this correct status boundary.
FIREWALL_G2_COMMON_CONDITIONAL	ANCHORED_IN	FILE_G2_OUTPUT	v07	Firewall is anchored in this source/file/section.
FIREWALL_G2_COMMON_CONDITIONAL	ANCHORED_IN	SEC_G2_QUOTIENT	v07	Firewall is anchored in this source/file/section.
FIREWALL_G2_COMMON_CONDITIONAL	ANCHORED_IN	SEC_G2_PREF_SLOPE	v07	Firewall is anchored in this source/file/section.
NEG_QUERY_GAUGE_FIXING_LOCALIZATION_IGNORED	STARTS_AT	MATH_MAXWELL_WEIGHTED_GAUGE_FIXING	v07	Negative query starts from MATH_MAXWELL_WEIGHTED_GAUGE_FIXING.
NEG_QUERY_GAUGE_FIXING_LOCALIZATION_IGNORED	FORBIDS_TARGET	INVALID_GAUGE_FIXING_LOCALIZATION_IGNORED	v07	This query is designed to block this invalid inference.
NEG_QUERY_GAUGE_FIXING_LOCALIZATION_IGNORED	PROTECTED_BY	FIREWALL_MAXWELL_GAUGE_PATCH_REQUIRED	v07	Negative query is protected by a status-firewall rule.
FIREWALL_MAXWELL_GAUGE_PATCH_REQUIRED	GUARDS_AGAINST	INVALID_GAUGE_FIXING_LOCALIZATION_IGNORED	v07	Carry the weighted-gauge-fixing caveat/patch in any derivation that uses localized Maxwell equations beyond the safe zero-mode reading.
FIREWALL_MAXWELL_GAUGE_PATCH_REQUIRED	PROTECTS_STATUS_OF	CLAIM_MAXWELL_GAUGE_LOCALIZATION_PATCH	v07	Firewall preserves this correct status boundary.
FIREWALL_MAXWELL_GAUGE_PATCH_REQUIRED	PROTECTS_STATUS_OF	MATH_MAXWELL_WEIGHTED_GAUGE_FIXING	v07	Firewall preserves this correct status boundary.
FIREWALL_MAXWELL_GAUGE_PATCH_REQUIRED	ANCHORED_IN	FILE_PDE_AUDIT	v07	Firewall is anchored in this source/file/section.
FIREWALL_MAXWELL_GAUGE_PATCH_REQUIRED	ANCHORED_IN	SEC_EM_BULK_EQUATIONS	v07	Firewall is anchored in this source/file/section.
ATLAS_PHASE_7_NEGATIVE_VALIDATION	CONTAINS_NEGATIVE_QUERY	NEG_QUERY_CHARGE_FROM_CIRCULATION	v07	Negative query belongs to the v0.7 failure-mode suite.
ATLAS_PHASE_7_NEGATIVE_VALIDATION	CONTAINS_NEGATIVE_QUERY	NEG_QUERY_QEFF_FROM_THROAT_GEOMETRY	v07	Negative query belongs to the v0.7 failure-mode suite.
ATLAS_PHASE_7_NEGATIVE_VALIDATION	CONTAINS_NEGATIVE_QUERY	NEG_QUERY_KAPPARHO_AS_ELECTRIC_CHARGE	v07	Negative query belongs to the v0.7 failure-mode suite.
ATLAS_PHASE_7_NEGATIVE_VALIDATION	CONTAINS_NEGATIVE_QUERY	NEG_QUERY_ZERO_MODE_ERASES_MIXED_CORE	v07	Negative query belongs to the v0.7 failure-mode suite.
ATLAS_PHASE_7_NEGATIVE_VALIDATION	CONTAINS_NEGATIVE_QUERY	NEG_QUERY_PROJECTION_EQUALS_REDUCTION	v07	Negative query belongs to the v0.7 failure-mode suite.
ATLAS_PHASE_7_NEGATIVE_VALIDATION	CONTAINS_NEGATIVE_QUERY	NEG_QUERY_CURRENT_PARENT_HAS_AUTONOMOUS_WALL_PDE	v07	Negative query belongs to the v0.7 failure-mode suite.
ATLAS_PHASE_7_NEGATIVE_VALIDATION	CONTAINS_NEGATIVE_QUERY	NEG_QUERY_WALL_COEFFS_ARE_FIT_KNOBS	v07	Negative query belongs to the v0.7 failure-mode suite.
ATLAS_PHASE_7_NEGATIVE_VALIDATION	CONTAINS_NEGATIVE_QUERY	NEG_QUERY_LOCAL_4PN_CLOSES_FULL_TAIL	v07	Negative query belongs to the v0.7 failure-mode suite.
ATLAS_PHASE_7_NEGATIVE_VALIDATION	CONTAINS_NEGATIVE_QUERY	NEG_QUERY_25PN_UNCONDITIONAL	v07	Negative query belongs to the v0.7 failure-mode suite.
ATLAS_PHASE_7_NEGATIVE_VALIDATION	CONTAINS_NEGATIVE_QUERY	NEG_QUERY_STF_ANGULAR_MAP_CLOSES_RADIAL_NORMALIZATION	v07	Negative query belongs to the v0.7 failure-mode suite.
ATLAS_PHASE_7_NEGATIVE_VALIDATION	CONTAINS_NEGATIVE_QUERY	NEG_QUERY_READOUTS_ARE_PHYSICAL_THROAT	v07	Negative query belongs to the v0.7 failure-mode suite.
ATLAS_PHASE_7_NEGATIVE_VALIDATION	CONTAINS_NEGATIVE_QUERY	NEG_QUERY_HYDROGEN_FULL_MOVING_THROAT_THEOREM	v07	Negative query belongs to the v0.7 failure-mode suite.
ATLAS_PHASE_7_NEGATIVE_VALIDATION	CONTAINS_NEGATIVE_QUERY	NEG_QUERY_LEPTON_HALF_INTEGER_PROVED	v07	Negative query belongs to the v0.7 failure-mode suite.
ATLAS_PHASE_7_NEGATIVE_VALIDATION	CONTAINS_NEGATIVE_QUERY	NEG_QUERY_SIMILARITY_ORBIT_SOLVES_FULL_5PN	v07	Negative query belongs to the v0.7 failure-mode suite.
ATLAS_PHASE_7_NEGATIVE_VALIDATION	CONTAINS_NEGATIVE_QUERY	NEG_QUERY_G2_COMMON_LAYER_CLOSED	v07	Negative query belongs to the v0.7 failure-mode suite.
ATLAS_PHASE_7_NEGATIVE_VALIDATION	CONTAINS_NEGATIVE_QUERY	NEG_QUERY_GAUGE_FIXING_LOCALIZATION_IGNORED	v07	Negative query belongs to the v0.7 failure-mode suite.
ATLAS_PHASE_7_NEGATIVE_VALIDATION	PREPARES	ATLAS_V1_CANDIDATE_GATE	v07	Negative tests are a prerequisite for v1.0-style use.
ATLAS_CODEX_BACKLINK_SWEEP_V08	USES	ATLAS_PAPER_INSERTION_MANIFEST_V08
ATLAS_CODEX_BACKLINK_SWEEP_V08	PATCHES_OR_VALIDATES	ATLAS_FULL_PAPER_DRAFTS_EXTERNAL
ATLAS_CODEX_BACKLINK_SWEEP_V08	PRODUCES	ATLAS_CODEX_APPLICATION_REPORT
ATLAS_PAPER_INSERTION_MANIFEST_V08	DERIVED_FROM	BACKLINK_REGISTER_V06
ATLAS_CODEX_BACKLINK_SWEEP_V08	PRESERVES	STATUS_FIREWALL_REGISTER_V07
